date,ticker,close
2017-08-17,BTC,4285.08
2017-08-18,BTC,4108.37
2017-08-19,BTC,4139.98
2017-08-20,BTC,4086.29
2017-08-21,BTC,4016.0
2017-08-22,BTC,4040.0
2017-08-23,BTC,4114.01
2017-08-24,BTC,4316.01
2017-08-25,BTC,4280.68
2017-08-26,BTC,4337.44
2017-08-27,BTC,4310.01
2017-08-28,BTC,4386.69
2017-08-29,BTC,4587.48
2017-08-30,BTC,4555.14
2017-08-31,BTC,4724.89
2017-09-01,BTC,4834.91
2017-09-02,BTC,4472.14
2017-09-03,BTC,4509.08
2017-09-04,BTC,4100.11
2017-09-05,BTC,4366.47
2017-09-06,BTC,4619.77
2017-09-07,BTC,4691.61
2017-09-08,BTC,4282.8
2017-09-09,BTC,4258.81
2017-09-10,BTC,4130.37
2017-09-11,BTC,4208.47
2017-09-12,BTC,4163.72
2017-09-13,BTC,3944.69
2017-09-14,BTC,3189.02
2017-09-15,BTC,3700.0
2017-09-16,BTC,3714.95
2017-09-17,BTC,3699.99
2017-09-18,BTC,4035.01
2017-09-19,BTC,3910.04
2017-09-20,BTC,3900.0
2017-09-21,BTC,3609.99
2017-09-22,BTC,3595.87
2017-09-23,BTC,3780.0
2017-09-24,BTC,3660.02
2017-09-25,BTC,3920.75
2017-09-26,BTC,3882.35
2017-09-27,BTC,4193.0
2017-09-28,BTC,4174.5
2017-09-29,BTC,4174.69
2017-09-30,BTC,4378.51
2017-10-01,BTC,4378.48
2017-10-02,BTC,4380.0
2017-10-03,BTC,4310.0
2017-10-04,BTC,4208.59
2017-10-05,BTC,4292.43
2017-10-06,BTC,4369.0
2017-10-07,BTC,4423.0
2017-10-08,BTC,4640.0
2017-10-09,BTC,4786.95
2017-10-10,BTC,4783.06
2017-10-11,BTC,4821.43
2017-10-12,BTC,5430.0
2017-10-13,BTC,5649.98
2017-10-14,BTC,5869.99
2017-10-15,BTC,5709.99
2017-10-16,BTC,5760.02
2017-10-17,BTC,5595.0
2017-10-18,BTC,5512.06
2017-10-19,BTC,5683.9
2017-10-20,BTC,6010.01
2017-10-21,BTC,6024.97
2017-10-22,BTC,5950.02
2017-10-23,BTC,5915.93
2017-10-24,BTC,5477.03
2017-10-25,BTC,5689.99
2017-10-26,BTC,5861.77
2017-10-27,BTC,5768.83
2017-10-28,BTC,5719.64
2017-10-29,BTC,6169.98
2017-10-30,BTC,6120.5
2017-10-31,BTC,6463.0
2017-11-01,BTC,6753.98
2017-11-02,BTC,7019.98
2017-11-03,BTC,7115.04
2017-11-04,BTC,7357.09
2017-11-05,BTC,7345.01
2017-11-06,BTC,6960.12
2017-11-07,BTC,7064.04
2017-11-08,BTC,7303.0
2017-11-09,BTC,7079.99
2017-11-10,BTC,6506.98
2017-11-11,BTC,6245.05
2017-11-12,BTC,5811.03
2017-11-13,BTC,6465.99
2017-11-14,BTC,6574.99
2017-11-15,BTC,7240.06
2017-11-16,BTC,7864.5
2017-11-17,BTC,7699.19
2017-11-18,BTC,7761.94
2017-11-19,BTC,8038.0
2017-11-20,BTC,8212.0
2017-11-21,BTC,8119.51
2017-11-22,BTC,8205.92
2017-11-23,BTC,8019.99
2017-11-24,BTC,8138.0
2017-11-25,BTC,8700.01
2017-11-26,BTC,9128.02
2017-11-27,BTC,9650.0
2017-11-28,BTC,9896.8
2017-11-29,BTC,9687.88
2017-11-30,BTC,9838.96
2017-12-01,BTC,10782.99
2017-12-02,BTC,10890.01
2017-12-03,BTC,11165.41
2017-12-04,BTC,11579.0
2017-12-05,BTC,11699.99
2017-12-06,BTC,13550.05
2017-12-07,BTC,16599.0
2017-12-08,BTC,15880.0
2017-12-09,BTC,14656.07
2017-12-10,BTC,14899.98
2017-12-11,BTC,16587.97
2017-12-12,BTC,16349.99
2017-12-13,BTC,16033.29
2017-12-14,BTC,16334.98
2017-12-15,BTC,17539.83
2017-12-16,BTC,19102.66
2017-12-17,BTC,18860.02
2017-12-18,BTC,18856.25
2017-12-19,BTC,17295.2
2017-12-20,BTC,16488.98
2017-12-21,BTC,15492.64
2017-12-22,BTC,13326.61
2017-12-23,BTC,13300.0
2017-12-24,BTC,13500.0
2017-12-25,BTC,13699.34
2017-12-26,BTC,15689.01
2017-12-27,BTC,15459.99
2017-12-28,BTC,14182.11
2017-12-29,BTC,14378.9
2017-12-30,BTC,12440.01
2017-12-31,BTC,13716.36
2018-01-01,BTC,13380.0
2018-01-02,BTC,14675.11
2018-01-03,BTC,14919.51
2018-01-04,BTC,15059.54
2018-01-05,BTC,16960.39
2018-01-06,BTC,17069.79
2018-01-07,BTC,16150.03
2018-01-08,BTC,14902.54
2018-01-09,BTC,14400.0
2018-01-10,BTC,14907.09
2018-01-11,BTC,13238.78
2018-01-12,BTC,13740.01
2018-01-13,BTC,14210.0
2018-01-14,BTC,13474.99
2018-01-15,BTC,13539.93
2018-01-16,BTC,10900.0
2018-01-17,BTC,10988.79
2018-01-18,BTC,10961.97
2018-01-19,BTC,11474.98
2018-01-20,BTC,12799.94
2018-01-21,BTC,11530.0
2018-01-22,BTC,10760.05
2018-01-23,BTC,10799.18
2018-01-24,BTC,11349.99
2018-01-25,BTC,11175.27
2018-01-26,BTC,11089.0
2018-01-27,BTC,11491.0
2018-01-28,BTC,11879.95
2018-01-29,BTC,11251.0
2018-01-30,BTC,10237.51
2018-01-31,BTC,10285.1
2018-02-01,BTC,9224.52
2018-02-02,BTC,8873.03
2018-02-03,BTC,9199.96
2018-02-04,BTC,8184.81
2018-02-05,BTC,6939.99
2018-02-06,BTC,7652.14
2018-02-07,BTC,7599.0
2018-02-08,BTC,7784.02
2018-02-09,BTC,8683.92
2018-02-10,BTC,8533.98
2018-02-11,BTC,8063.88
2018-02-12,BTC,8903.0
2018-02-13,BTC,8539.9
2018-02-14,BTC,9449.99
2018-02-15,BTC,10000.09
2018-02-16,BTC,10159.98
2018-02-17,BTC,11039.55
2018-02-18,BTC,10383.43
2018-02-19,BTC,11153.0
2018-02-20,BTC,11200.99
2018-02-21,BTC,10437.6
2018-02-22,BTC,9811.04
2018-02-23,BTC,10131.04
2018-02-24,BTC,9694.51
2018-02-25,BTC,9590.0
2018-02-26,BTC,10324.0
2018-02-27,BTC,10569.04
2018-02-28,BTC,10326.76
2018-03-01,BTC,10920.0
2018-03-02,BTC,11039.0
2018-03-03,BTC,11464.48
2018-03-04,BTC,11515.0
2018-03-05,BTC,11454.0
2018-03-06,BTC,10716.48
2018-03-07,BTC,9910.0
2018-03-08,BTC,9271.64
2018-03-09,BTC,9227.0
2018-03-10,BTC,8770.22
2018-03-11,BTC,9533.57
2018-03-12,BTC,9131.34
2018-03-13,BTC,9150.0
2018-03-14,BTC,8170.0
2018-03-15,BTC,8240.98
2018-03-16,BTC,8260.0
2018-03-17,BTC,7824.8
2018-03-18,BTC,8189.99
2018-03-19,BTC,8600.0
2018-03-20,BTC,8909.98
2018-03-21,BTC,8885.0
2018-03-22,BTC,8722.9
2018-03-23,BTC,8898.03
2018-03-24,BTC,8546.86
2018-03-25,BTC,8470.15
2018-03-26,BTC,8134.23
2018-03-27,BTC,7795.51
2018-03-28,BTC,7949.3
2018-03-29,BTC,7090.14
2018-03-30,BTC,6840.23
2018-03-31,BTC,6923.91
2018-04-01,BTC,6813.01
2018-04-02,BTC,7056.0
2018-04-03,BTC,7405.21
2018-04-04,BTC,6796.1
2018-04-05,BTC,6770.76
2018-04-06,BTC,6601.39
2018-04-07,BTC,6895.8
2018-04-08,BTC,7018.0
2018-04-09,BTC,6782.72
2018-04-10,BTC,6843.9
2018-04-11,BTC,6953.79
2018-04-12,BTC,7923.0
2018-04-13,BTC,7877.41
2018-04-14,BTC,7999.01
2018-04-15,BTC,8355.0
2018-04-16,BTC,8064.92
2018-04-17,BTC,7885.02
2018-04-18,BTC,8173.0
2018-04-19,BTC,8278.0
2018-04-20,BTC,8856.98
2018-04-21,BTC,8915.31
2018-04-22,BTC,8787.02
2018-04-23,BTC,8934.01
2018-04-24,BTC,9619.99
2018-04-25,BTC,8869.99
2018-04-26,BTC,9266.0
2018-04-27,BTC,8915.35
2018-04-28,BTC,9348.0
2018-04-29,BTC,9419.0
2018-04-30,BTC,9246.01
2018-05-01,BTC,9071.48
2018-05-02,BTC,9247.84
2018-05-03,BTC,9750.0
2018-05-04,BTC,9713.99
2018-05-05,BTC,9864.0
2018-05-06,BTC,9659.01
2018-05-07,BTC,9365.0
2018-05-08,BTC,9187.56
2018-05-09,BTC,9310.0
2018-05-10,BTC,9002.2
2018-05-11,BTC,8400.0
2018-05-12,BTC,8465.94
2018-05-13,BTC,8679.71
2018-05-14,BTC,8663.34
2018-05-15,BTC,8462.0
2018-05-16,BTC,8330.0
2018-05-17,BTC,8041.46
2018-05-18,BTC,8239.81
2018-05-19,BTC,8233.49
2018-05-20,BTC,8526.98
2018-05-21,BTC,8381.24
2018-05-22,BTC,7977.11
2018-05-23,BTC,7501.95
2018-05-24,BTC,7575.01
2018-05-25,BTC,7457.0
2018-05-26,BTC,7333.96
2018-05-27,BTC,7338.99
2018-05-28,BTC,7099.0
2018-05-29,BTC,7461.29
2018-05-30,BTC,7375.96
2018-05-31,BTC,7485.01
2018-06-01,BTC,7521.01
2018-06-02,BTC,7640.03
2018-06-03,BTC,7714.26
2018-06-04,BTC,7487.0
2018-06-05,BTC,7625.0
2018-06-06,BTC,7658.84
2018-06-07,BTC,7691.08
2018-06-08,BTC,7603.44
2018-06-09,BTC,7491.73
2018-06-10,BTC,6764.99
2018-06-11,BTC,6872.0
2018-06-12,BTC,6530.0
2018-06-13,BTC,6292.78
2018-06-14,BTC,6635.98
2018-06-15,BTC,6388.9
2018-06-16,BTC,6483.98
2018-06-17,BTC,6449.61
2018-06-18,BTC,6712.46
2018-06-19,BTC,6741.21
2018-06-20,BTC,6761.51
2018-06-21,BTC,6718.84
2018-06-22,BTC,6045.0
2018-06-23,BTC,6149.98
2018-06-24,BTC,6136.97
2018-06-25,BTC,6252.0
2018-06-26,BTC,6070.78
2018-06-27,BTC,6133.73
2018-06-28,BTC,5853.98
2018-06-29,BTC,6197.92
2018-06-30,BTC,6390.07
2018-07-01,BTC,6356.81
2018-07-02,BTC,6615.29
2018-07-03,BTC,6513.86
2018-07-04,BTC,6586.98
2018-07-05,BTC,6529.2
2018-07-06,BTC,6609.78
2018-07-07,BTC,6756.98
2018-07-08,BTC,6712.1
2018-07-09,BTC,6662.12
2018-07-10,BTC,6296.91
2018-07-11,BTC,6378.07
2018-07-12,BTC,6250.57
2018-07-13,BTC,6214.57
2018-07-14,BTC,6251.99
2018-07-15,BTC,6353.01
2018-07-16,BTC,6723.35
2018-07-17,BTC,7317.44
2018-07-18,BTC,7381.9
2018-07-19,BTC,7466.21
2018-07-20,BTC,7337.53
2018-07-21,BTC,7398.78
2018-07-22,BTC,7394.79
2018-07-23,BTC,7721.01
2018-07-24,BTC,8397.24
2018-07-25,BTC,8175.64
2018-07-26,BTC,7920.0
2018-07-27,BTC,8188.57
2018-07-28,BTC,8225.04
2018-07-29,BTC,8211.0
2018-07-30,BTC,8173.92
2018-07-31,BTC,7730.93
2018-08-01,BTC,7604.58
2018-08-02,BTC,7525.71
2018-08-03,BTC,7418.78
2018-08-04,BTC,7009.84
2018-08-05,BTC,7024.19
2018-08-06,BTC,6934.82
2018-08-07,BTC,6720.06
2018-08-08,BTC,6285.0
2018-08-09,BTC,6529.79
2018-08-10,BTC,6144.01
2018-08-11,BTC,6232.35
2018-08-12,BTC,6308.33
2018-08-13,BTC,6246.35
2018-08-14,BTC,6188.08
2018-08-15,BTC,6267.16
2018-08-16,BTC,6311.75
2018-08-17,BTC,6584.49
2018-08-18,BTC,6387.96
2018-08-19,BTC,6477.53
2018-08-20,BTC,6254.84
2018-08-21,BTC,6480.0
2018-08-22,BTC,6360.89
2018-08-23,BTC,6525.01
2018-08-24,BTC,6681.64
2018-08-25,BTC,6733.64
2018-08-26,BTC,6700.0
2018-08-27,BTC,6908.64
2018-08-28,BTC,7076.11
2018-08-29,BTC,7031.22
2018-08-30,BTC,6984.84
2018-08-31,BTC,7011.21
2018-09-01,BTC,7200.01
2018-09-02,BTC,7302.01
2018-09-03,BTC,7263.02
2018-09-04,BTC,7359.06
2018-09-05,BTC,6700.0
2018-09-06,BTC,6516.01
2018-09-07,BTC,6395.54
2018-09-08,BTC,6185.05
2018-09-09,BTC,6250.81
2018-09-10,BTC,6312.0
2018-09-11,BTC,6294.91
2018-09-12,BTC,6338.62
2018-09-13,BTC,6487.38
2018-09-14,BTC,6476.63
2018-09-15,BTC,6514.96
2018-09-16,BTC,6505.0
2018-09-17,BTC,6248.69
2018-09-18,BTC,6336.45
2018-09-19,BTC,6391.89
2018-09-20,BTC,6492.0
2018-09-21,BTC,6759.02
2018-09-22,BTC,6723.05
2018-09-23,BTC,6708.0
2018-09-24,BTC,6581.39
2018-09-25,BTC,6447.54
2018-09-26,BTC,6465.12
2018-09-27,BTC,6689.13
2018-09-28,BTC,6634.58
2018-09-29,BTC,6596.38
2018-09-30,BTC,6626.57
2018-10-01,BTC,6611.61
2018-10-02,BTC,6525.79
2018-10-03,BTC,6510.0
2018-10-04,BTC,6593.79
2018-10-05,BTC,6635.65
2018-10-06,BTC,6594.27
2018-10-07,BTC,6615.26
2018-10-08,BTC,6673.01
2018-10-09,BTC,6656.61
2018-10-10,BTC,6631.0
2018-10-11,BTC,6252.68
2018-10-12,BTC,6298.01
2018-10-13,BTC,6332.93
2018-10-14,BTC,6339.34
2018-10-15,BTC,6752.5
2018-10-16,BTC,6759.27
2018-10-17,BTC,6740.89
2018-10-18,BTC,6618.96
2018-10-19,BTC,6528.88
2018-10-20,BTC,6588.4
2018-10-21,BTC,6590.11
2018-10-22,BTC,6581.2
2018-10-23,BTC,6553.51
2018-10-24,BTC,6565.5
2018-10-25,BTC,6528.09
2018-10-26,BTC,6538.63
2018-10-27,BTC,6505.6
2018-10-28,BTC,6489.93
2018-10-29,BTC,6344.5
2018-10-30,BTC,6330.87
2018-10-31,BTC,6371.93
2018-11-01,BTC,6410.0
2018-11-02,BTC,6433.98
2018-11-03,BTC,6387.09
2018-11-04,BTC,6485.85
2018-11-05,BTC,6468.99
2018-11-06,BTC,6519.11
2018-11-07,BTC,6578.46
2018-11-08,BTC,6479.84
2018-11-09,BTC,6419.99
2018-11-10,BTC,6433.05
2018-11-11,BTC,6449.81
2018-11-12,BTC,6453.07
2018-11-13,BTC,6457.66
2018-11-14,BTC,5922.41
2018-11-15,BTC,5753.4
2018-11-16,BTC,5655.94
2018-11-17,BTC,5628.29
2018-11-18,BTC,5662.0
2018-11-19,BTC,4910.03
2018-11-20,BTC,4558.86
2018-11-21,BTC,4661.07
2018-11-22,BTC,4370.0
2018-11-23,BTC,4420.61
2018-11-24,BTC,3932.44
2018-11-25,BTC,4085.78
2018-11-26,BTC,3862.2
2018-11-27,BTC,3875.21
2018-11-28,BTC,4264.85
2018-11-29,BTC,4295.84
2018-11-30,BTC,4041.32
2018-12-01,BTC,4190.02
2018-12-02,BTC,4161.01
2018-12-03,BTC,3884.01
2018-12-04,BTC,3951.64
2018-12-05,BTC,3769.84
2018-12-06,BTC,3508.75
2018-12-07,BTC,3403.55
2018-12-08,BTC,3410.93
2018-12-09,BTC,3545.37
2018-12-10,BTC,3432.88
2018-12-11,BTC,3380.39
2018-12-12,BTC,3445.0
2018-12-13,BTC,3302.06
2018-12-14,BTC,3224.17
2018-12-15,BTC,3211.72
2018-12-16,BTC,3228.67
2018-12-17,BTC,3509.08
2018-12-18,BTC,3652.98
2018-12-19,BTC,3662.22
2018-12-20,BTC,4049.62
2018-12-21,BTC,3838.66
2018-12-22,BTC,3948.91
2018-12-23,BTC,3929.71
2018-12-24,BTC,4008.01
2018-12-25,BTC,3745.79
2018-12-26,BTC,3777.74
2018-12-27,BTC,3567.91
2018-12-28,BTC,3839.26
2018-12-29,BTC,3695.32
2018-12-30,BTC,3801.91
2018-12-31,BTC,3702.9
2019-01-01,BTC,3797.14
2019-01-02,BTC,3858.56
2019-01-03,BTC,3766.78
2019-01-04,BTC,3792.01
2019-01-05,BTC,3770.96
2019-01-06,BTC,3987.6
2019-01-07,BTC,3975.45
2019-01-08,BTC,3955.13
2019-01-09,BTC,3966.65
2019-01-10,BTC,3585.88
2019-01-11,BTC,3601.31
2019-01-12,BTC,3583.13
2019-01-13,BTC,3476.81
2019-01-14,BTC,3626.09
2019-01-15,BTC,3553.06
2019-01-16,BTC,3591.84
2019-01-17,BTC,3616.21
2019-01-18,BTC,3594.87
2019-01-19,BTC,3665.3
2019-01-20,BTC,3539.28
2019-01-21,BTC,3526.9
2019-01-22,BTC,3570.93
2019-01-23,BTC,3552.82
2019-01-24,BTC,3569.62
2019-01-25,BTC,3565.29
2019-01-26,BTC,3565.25
2019-01-27,BTC,3550.84
2019-01-28,BTC,3434.15
2019-01-29,BTC,3411.04
2019-01-30,BTC,3458.18
2019-01-31,BTC,3434.1
2019-02-01,BTC,3462.07
2019-02-02,BTC,3504.77
2019-02-03,BTC,3458.11
2019-02-04,BTC,3463.22
2019-02-05,BTC,3471.59
2019-02-06,BTC,3405.37
2019-02-07,BTC,3398.4
2019-02-08,BTC,3659.04
2019-02-09,BTC,3665.18
2019-02-10,BTC,3680.06
2019-02-11,BTC,3631.05
2019-02-12,BTC,3631.46
2019-02-13,BTC,3609.4
2019-02-14,BTC,3590.56
2019-02-15,BTC,3602.47
2019-02-16,BTC,3618.41
2019-02-17,BTC,3667.58
2019-02-18,BTC,3898.6
2019-02-19,BTC,3907.79
2019-02-20,BTC,3969.74
2019-02-21,BTC,3937.31
2019-02-22,BTC,3962.0
2019-02-23,BTC,4117.76
2019-02-24,BTC,3743.56
2019-02-25,BTC,3827.92
2019-02-26,BTC,3809.23
2019-02-27,BTC,3818.07
2019-02-28,BTC,3813.69
2019-03-01,BTC,3823.0
2019-03-02,BTC,3819.93
2019-03-03,BTC,3807.75
2019-03-04,BTC,3715.3
2019-03-05,BTC,3857.73
2019-03-06,BTC,3861.84
2019-03-07,BTC,3873.64
2019-03-08,BTC,3864.89
2019-03-09,BTC,3943.04
2019-03-10,BTC,3916.82
2019-03-11,BTC,3871.61
2019-03-12,BTC,3882.73
2019-03-13,BTC,3866.0
2019-03-14,BTC,3877.12
2019-03-15,BTC,3923.76
2019-03-16,BTC,4005.98
2019-03-17,BTC,3981.14
2019-03-18,BTC,3987.81
2019-03-19,BTC,4015.53
2019-03-20,BTC,4043.04
2019-03-21,BTC,3980.64
2019-03-22,BTC,3986.93
2019-03-23,BTC,4006.01
2019-03-24,BTC,3992.18
2019-03-25,BTC,3936.12
2019-03-26,BTC,3948.55
2019-03-27,BTC,4038.05
2019-03-28,BTC,4027.81
2019-03-29,BTC,4103.25
2019-03-30,BTC,4106.97
2019-03-31,BTC,4103.95
2019-04-01,BTC,4144.56
2019-04-02,BTC,4857.29
2019-04-03,BTC,4932.6
2019-04-04,BTC,4898.66
2019-04-05,BTC,5004.95
2019-04-06,BTC,5043.89
2019-04-07,BTC,5170.27
2019-04-08,BTC,5236.9
2019-04-09,BTC,5150.0
2019-04-10,BTC,5308.25
2019-04-11,BTC,5017.37
2019-04-12,BTC,5048.01
2019-04-13,BTC,5045.22
2019-04-14,BTC,5131.3
2019-04-15,BTC,5024.95
2019-04-16,BTC,5173.72
2019-04-17,BTC,5202.82
2019-04-18,BTC,5258.44
2019-04-19,BTC,5258.68
2019-04-20,BTC,5291.73
2019-04-21,BTC,5256.14
2019-04-22,BTC,5357.14
2019-04-23,BTC,5493.31
2019-04-24,BTC,5415.0
2019-04-25,BTC,5219.9
2019-04-26,BTC,5314.1
2019-04-27,BTC,5295.69
2019-04-28,BTC,5307.52
2019-04-29,BTC,5238.14
2019-04-30,BTC,5320.81
2019-05-01,BTC,5383.2
2019-05-02,BTC,5492.87
2019-05-03,BTC,5772.69
2019-05-04,BTC,5829.45
2019-05-05,BTC,5775.62
2019-05-06,BTC,5747.79
2019-05-07,BTC,5846.34
2019-05-08,BTC,5987.29
2019-05-09,BTC,6209.18
2019-05-10,BTC,6373.33
2019-05-11,BTC,7076.22
2019-05-12,BTC,6967.31
2019-05-13,BTC,7790.71
2019-05-14,BTC,7947.56
2019-05-15,BTC,8169.87
2019-05-16,BTC,7866.59
2019-05-17,BTC,7355.26
2019-05-18,BTC,7257.45
2019-05-19,BTC,8148.48
2019-05-20,BTC,7938.15
2019-05-21,BTC,7904.87
2019-05-22,BTC,7628.43
2019-05-23,BTC,7851.51
2019-05-24,BTC,7964.87
2019-05-25,BTC,8025.41
2019-05-26,BTC,8614.43
2019-05-27,BTC,8756.32
2019-05-28,BTC,8715.64
2019-05-29,BTC,8645.68
2019-05-30,BTC,8269.54
2019-05-31,BTC,8555.0
2019-06-01,BTC,8544.07
2019-06-02,BTC,8725.98
2019-06-03,BTC,8115.82
2019-06-04,BTC,7687.03
2019-06-05,BTC,7776.5
2019-06-06,BTC,7786.7
2019-06-07,BTC,7980.53
2019-06-08,BTC,7893.62
2019-06-09,BTC,7628.13
2019-06-10,BTC,7982.75
2019-06-11,BTC,7884.9
2019-06-12,BTC,8127.64
2019-06-13,BTC,8218.54
2019-06-14,BTC,8650.0
2019-06-15,BTC,8808.7
2019-06-16,BTC,8953.33
2019-06-17,BTC,9313.96
2019-06-18,BTC,9081.55
2019-06-19,BTC,9255.49
2019-06-20,BTC,9517.12
2019-06-21,BTC,10159.86
2019-06-22,BTC,10729.5
2019-06-23,BTC,10906.07
2019-06-24,BTC,11056.59
2019-06-25,BTC,11820.86
2019-06-26,BTC,13093.8
2019-06-27,BTC,11329.99
2019-06-28,BTC,12400.63
2019-06-29,BTC,11903.13
2019-06-30,BTC,10854.1
2019-07-01,BTC,10624.93
2019-07-02,BTC,10842.85
2019-07-03,BTC,11940.0
2019-07-04,BTC,11145.67
2019-07-05,BTC,10970.73
2019-07-06,BTC,11256.49
2019-07-07,BTC,11406.24
2019-07-08,BTC,12238.6
2019-07-09,BTC,12543.41
2019-07-10,BTC,12108.37
2019-07-11,BTC,11342.89
2019-07-12,BTC,11757.22
2019-07-13,BTC,11355.76
2019-07-14,BTC,10174.18
2019-07-15,BTC,10838.72
2019-07-16,BTC,9439.59
2019-07-17,BTC,9667.92
2019-07-18,BTC,10627.16
2019-07-19,BTC,10504.29
2019-07-20,BTC,10740.23
2019-07-21,BTC,10589.45
2019-07-22,BTC,10340.31
2019-07-23,BTC,9864.91
2019-07-24,BTC,9763.28
2019-07-25,BTC,9879.87
2019-07-26,BTC,9824.0
2019-07-27,BTC,9476.52
2019-07-28,BTC,9541.54
2019-07-29,BTC,9507.64
2019-07-30,BTC,9574.21
2019-07-31,BTC,10080.53
2019-08-01,BTC,10374.99
2019-08-02,BTC,10523.75
2019-08-03,BTC,10816.86
2019-08-04,BTC,10929.23
2019-08-05,BTC,11828.8
2019-08-06,BTC,11481.69
2019-08-07,BTC,11975.03
2019-08-08,BTC,11999.77
2019-08-09,BTC,11879.99
2019-08-10,BTC,11309.31
2019-08-11,BTC,11549.97
2019-08-12,BTC,11396.08
2019-08-13,BTC,10892.71
2019-08-14,BTC,10050.37
2019-08-15,BTC,10293.93
2019-08-16,BTC,10331.54
2019-08-17,BTC,10216.02
2019-08-18,BTC,10306.78
2019-08-19,BTC,10915.54
2019-08-20,BTC,10760.51
2019-08-21,BTC,10142.57
2019-08-22,BTC,10099.88
2019-08-23,BTC,10389.55
2019-08-24,BTC,10134.35
2019-08-25,BTC,10142.69
2019-08-26,BTC,10372.25
2019-08-27,BTC,10185.05
2019-08-28,BTC,9721.0
2019-08-29,BTC,9498.44
2019-08-30,BTC,9584.54
2019-08-31,BTC,9587.47
2019-09-01,BTC,9724.98
2019-09-02,BTC,10340.0
2019-09-03,BTC,10615.28
2019-09-04,BTC,10567.02
2019-09-05,BTC,10564.49
2019-09-06,BTC,10298.73
2019-09-07,BTC,10455.88
2019-09-08,BTC,10381.18
2019-09-09,BTC,10303.12
2019-09-10,BTC,10098.15
2019-09-11,BTC,10158.33
2019-09-12,BTC,10415.01
2019-09-13,BTC,10342.06
2019-09-14,BTC,10335.02
2019-09-15,BTC,10302.01
2019-09-16,BTC,10251.31
2019-09-17,BTC,10187.82
2019-09-18,BTC,10156.99
2019-09-19,BTC,10244.29
2019-09-20,BTC,10168.59
2019-09-21,BTC,9986.39
2019-09-22,BTC,10028.87
2019-09-23,BTC,9702.25
2019-09-24,BTC,8493.14
2019-09-25,BTC,8430.05
2019-09-26,BTC,8063.73
2019-09-27,BTC,8177.91
2019-09-28,BTC,8198.81
2019-09-29,BTC,8043.82
2019-09-30,BTC,8289.34
2019-10-01,BTC,8292.44
2019-10-02,BTC,8359.94
2019-10-03,BTC,8223.96
2019-10-04,BTC,8137.13
2019-10-05,BTC,8126.19
2019-10-06,BTC,7854.25
2019-10-07,BTC,8190.09
2019-10-08,BTC,8168.39
2019-10-09,BTC,8560.74
2019-10-10,BTC,8558.03
2019-10-11,BTC,8258.5
2019-10-12,BTC,8300.09
2019-10-13,BTC,8275.01
2019-10-14,BTC,8348.2
2019-10-15,BTC,8159.29
2019-10-16,BTC,7991.74
2019-10-17,BTC,8070.58
2019-10-18,BTC,7947.01
2019-10-19,BTC,7948.01
2019-10-20,BTC,8223.35
2019-10-21,BTC,8197.27
2019-10-22,BTC,8020.0
2019-10-23,BTC,7466.62
2019-10-24,BTC,7412.41
2019-10-25,BTC,8655.02
2019-10-26,BTC,9230.0
2019-10-27,BTC,9529.93
2019-10-28,BTC,9205.14
2019-10-29,BTC,9407.62
2019-10-30,BTC,9154.72
2019-10-31,BTC,9140.85
2019-11-01,BTC,9231.61
2019-11-02,BTC,9289.52
2019-11-03,BTC,9194.71
2019-11-04,BTC,9393.35
2019-11-05,BTC,9308.66
2019-11-06,BTC,9339.05
2019-11-07,BTC,9216.2
2019-11-08,BTC,8773.73
2019-11-09,BTC,8809.41
2019-11-10,BTC,9039.47
2019-11-11,BTC,8733.27
2019-11-12,BTC,8821.94
2019-11-13,BTC,8777.12
2019-11-14,BTC,8646.68
2019-11-15,BTC,8471.73
2019-11-16,BTC,8491.02
2019-11-17,BTC,8502.4
2019-11-18,BTC,8187.17
2019-11-19,BTC,8133.64
2019-11-20,BTC,8098.01
2019-11-21,BTC,7627.74
2019-11-22,BTC,7268.23
2019-11-23,BTC,7311.57
2019-11-24,BTC,6903.28
2019-11-25,BTC,7109.57
2019-11-26,BTC,7156.14
2019-11-27,BTC,7508.52
2019-11-28,BTC,7419.49
2019-11-29,BTC,7739.68
2019-11-30,BTC,7541.89
2019-12-01,BTC,7390.89
2019-12-02,BTC,7294.28
2019-12-03,BTC,7292.71
2019-12-04,BTC,7194.32
2019-12-05,BTC,7389.0
2019-12-06,BTC,7527.47
2019-12-07,BTC,7488.21
2019-12-08,BTC,7510.11
2019-12-09,BTC,7338.64
2019-12-10,BTC,7224.13
2019-12-11,BTC,7210.0
2019-12-12,BTC,7198.08
2019-12-13,BTC,7258.48
2019-12-14,BTC,7064.05
2019-12-15,BTC,7118.59
2019-12-16,BTC,6891.72
2019-12-17,BTC,6623.82
2019-12-18,BTC,7277.83
2019-12-19,BTC,7150.3
2019-12-20,BTC,7187.83
2019-12-21,BTC,7132.75
2019-12-22,BTC,7501.44
2019-12-23,BTC,7317.09
2019-12-24,BTC,7255.77
2019-12-25,BTC,7204.63
2019-12-26,BTC,7202.0
2019-12-27,BTC,7254.74
2019-12-28,BTC,7316.14
2019-12-29,BTC,7388.24
2019-12-30,BTC,7246.0
2019-12-31,BTC,7195.23
2020-01-01,BTC,7200.85
2020-01-02,BTC,6965.71
2020-01-03,BTC,7344.96
2020-01-04,BTC,7354.11
2020-01-05,BTC,7358.75
2020-01-06,BTC,7758.0
2020-01-07,BTC,8145.28
2020-01-08,BTC,8055.98
2020-01-09,BTC,7817.76
2020-01-10,BTC,8197.02
2020-01-11,BTC,8020.01
2020-01-12,BTC,8184.98
2020-01-13,BTC,8110.34
2020-01-14,BTC,8810.01
2020-01-15,BTC,8821.41
2020-01-16,BTC,8720.01
2020-01-17,BTC,8913.28
2020-01-18,BTC,8915.96
2020-01-19,BTC,8701.7
2020-01-20,BTC,8642.35
2020-01-21,BTC,8736.03
2020-01-22,BTC,8682.36
2020-01-23,BTC,8404.52
2020-01-24,BTC,8439.0
2020-01-25,BTC,8340.58
2020-01-26,BTC,8615.0
2020-01-27,BTC,8907.57
2020-01-28,BTC,9374.21
2020-01-29,BTC,9301.53
2020-01-30,BTC,9513.21
2020-01-31,BTC,9352.89
2020-02-01,BTC,9384.61
2020-02-02,BTC,9331.51
2020-02-03,BTC,9292.24
2020-02-04,BTC,9197.02
2020-02-05,BTC,9612.04
2020-02-06,BTC,9772.0
2020-02-07,BTC,9813.73
2020-02-08,BTC,9895.05
2020-02-09,BTC,10151.75
2020-02-10,BTC,9851.83
2020-02-11,BTC,10223.08
2020-02-12,BTC,10326.46
2020-02-13,BTC,10229.63
2020-02-14,BTC,10344.36
2020-02-15,BTC,9904.72
2020-02-16,BTC,9917.27
2020-02-17,BTC,9706.0
2020-02-18,BTC,10164.71
2020-02-19,BTC,9593.79
2020-02-20,BTC,9596.42
2020-02-21,BTC,9677.05
2020-02-22,BTC,9650.86
2020-02-23,BTC,9936.4
2020-02-24,BTC,9656.13
2020-02-25,BTC,9315.84
2020-02-26,BTC,8785.25
2020-02-27,BTC,8823.21
2020-02-28,BTC,8692.91
2020-02-29,BTC,8523.61
2020-03-01,BTC,8531.88
2020-03-02,BTC,8915.24
2020-03-03,BTC,8760.07
2020-03-04,BTC,8750.87
2020-03-05,BTC,9054.68
2020-03-06,BTC,9131.88
2020-03-07,BTC,8886.66
2020-03-08,BTC,8033.31
2020-03-09,BTC,7929.87
2020-03-10,BTC,7894.56
2020-03-11,BTC,7934.52
2020-03-12,BTC,4800.0
2020-03-13,BTC,5578.6
2020-03-14,BTC,5172.06
2020-03-15,BTC,5361.3
2020-03-16,BTC,5028.97
2020-03-17,BTC,5312.64
2020-03-18,BTC,5393.04
2020-03-19,BTC,6162.37
2020-03-20,BTC,6208.36
2020-03-21,BTC,6186.98
2020-03-22,BTC,5816.19
2020-03-23,BTC,6467.31
2020-03-24,BTC,6744.72
2020-03-25,BTC,6677.43
2020-03-26,BTC,6737.36
2020-03-27,BTC,6359.11
2020-03-28,BTC,6236.65
2020-03-29,BTC,5881.42
2020-03-30,BTC,6394.38
2020-03-31,BTC,6410.44
2020-04-01,BTC,6642.92
2020-04-02,BTC,6794.09
2020-04-03,BTC,6734.1
2020-04-04,BTC,6856.99
2020-04-05,BTC,6772.78
2020-04-06,BTC,7329.9
2020-04-07,BTC,7197.32
2020-04-08,BTC,7361.28
2020-04-09,BTC,7283.54
2020-04-10,BTC,6858.92
2020-04-11,BTC,6876.83
2020-04-12,BTC,6903.79
2020-04-13,BTC,6837.91
2020-04-14,BTC,6868.7
2020-04-15,BTC,6621.24
2020-04-16,BTC,7101.94
2020-04-17,BTC,7027.55
2020-04-18,BTC,7248.6
2020-04-19,BTC,7120.74
2020-04-20,BTC,6826.83
2020-04-21,BTC,6841.37
2020-04-22,BTC,7125.14
2020-04-23,BTC,7482.39
2020-04-24,BTC,7505.0
2020-04-25,BTC,7538.67
2020-04-26,BTC,7693.1
2020-04-27,BTC,7774.62
2020-04-28,BTC,7738.98
2020-04-29,BTC,8778.57
2020-04-30,BTC,8620.0
2020-05-01,BTC,8826.96
2020-05-02,BTC,8972.05
2020-05-03,BTC,8894.16
2020-05-04,BTC,8871.96
2020-05-05,BTC,9021.83
2020-05-06,BTC,9142.92
2020-05-07,BTC,9986.4
2020-05-08,BTC,9800.01
2020-05-09,BTC,9539.4
2020-05-10,BTC,8722.77
2020-05-11,BTC,8561.52
2020-05-12,BTC,8810.79
2020-05-13,BTC,9309.37
2020-05-14,BTC,9791.98
2020-05-15,BTC,9316.42
2020-05-16,BTC,9381.27
2020-05-17,BTC,9680.04
2020-05-18,BTC,9733.93
2020-05-19,BTC,9775.53
2020-05-20,BTC,9511.43
2020-05-21,BTC,9068.65
2020-05-22,BTC,9170.0
2020-05-23,BTC,9179.15
2020-05-24,BTC,8720.34
2020-05-25,BTC,8900.35
2020-05-26,BTC,8841.18
2020-05-27,BTC,9204.07
2020-05-28,BTC,9575.89
2020-05-29,BTC,9427.07
2020-05-30,BTC,9697.72
2020-05-31,BTC,9448.27
2020-06-01,BTC,10200.77
2020-06-02,BTC,9518.04
2020-06-03,BTC,9666.24
2020-06-04,BTC,9789.06
2020-06-05,BTC,9621.16
2020-06-06,BTC,9666.3
2020-06-07,BTC,9746.99
2020-06-08,BTC,9782.01
2020-06-09,BTC,9772.43
2020-06-10,BTC,9885.0
2020-06-11,BTC,9280.4
2020-06-12,BTC,9465.13
2020-06-13,BTC,9473.34
2020-06-14,BTC,9342.1
2020-06-15,BTC,9426.02
2020-06-16,BTC,9525.59
2020-06-17,BTC,9465.14
2020-06-18,BTC,9386.32
2020-06-19,BTC,9310.23
2020-06-20,BTC,9358.95
2020-06-21,BTC,9294.69
2020-06-22,BTC,9685.69
2020-06-23,BTC,9624.89
2020-06-24,BTC,9296.49
2020-06-25,BTC,9249.49
2020-06-26,BTC,9162.21
2020-06-27,BTC,9012.0
2020-06-28,BTC,9116.35
2020-06-29,BTC,9192.56
2020-06-30,BTC,9138.55
2020-07-01,BTC,9232.0
2020-07-02,BTC,9086.54
2020-07-03,BTC,9058.26
2020-07-04,BTC,9135.46
2020-07-05,BTC,9069.41
2020-07-06,BTC,9344.2
2020-07-07,BTC,9257.39
2020-07-08,BTC,9436.06
2020-07-09,BTC,9232.43
2020-07-10,BTC,9288.34
2020-07-11,BTC,9234.03
2020-07-12,BTC,9302.75
2020-07-13,BTC,9242.62
2020-07-14,BTC,9255.85
2020-07-15,BTC,9197.6
2020-07-16,BTC,9133.72
2020-07-17,BTC,9154.32
2020-07-18,BTC,9170.28
2020-07-19,BTC,9208.99
2020-07-20,BTC,9160.78
2020-07-21,BTC,9390.0
2020-07-22,BTC,9518.16
2020-07-23,BTC,9603.27
2020-07-24,BTC,9537.8
2020-07-25,BTC,9700.42
2020-07-26,BTC,9931.54
2020-07-27,BTC,11029.96
2020-07-28,BTC,10906.27
2020-07-29,BTC,11100.53
2020-07-30,BTC,11099.61
2020-07-31,BTC,11335.46
2020-08-01,BTC,11801.17
2020-08-02,BTC,11071.35
2020-08-03,BTC,11219.81
2020-08-04,BTC,11191.97
2020-08-05,BTC,11744.91
2020-08-06,BTC,11762.46
2020-08-07,BTC,11594.23
2020-08-08,BTC,11761.41
2020-08-09,BTC,11681.68
2020-08-10,BTC,11892.92
2020-08-11,BTC,11392.08
2020-08-12,BTC,11564.33
2020-08-13,BTC,11780.0
2020-08-14,BTC,11760.54
2020-08-15,BTC,11852.4
2020-08-16,BTC,11911.0
2020-08-17,BTC,12281.13
2020-08-18,BTC,11945.01
2020-08-19,BTC,11754.59
2020-08-20,BTC,11853.55
2020-08-21,BTC,11531.34
2020-08-22,BTC,11662.96
2020-08-23,BTC,11648.13
2020-08-24,BTC,11748.2
2020-08-25,BTC,11318.42
2020-08-26,BTC,11461.43
2020-08-27,BTC,11330.38
2020-08-28,BTC,11526.91
2020-08-29,BTC,11465.84
2020-08-30,BTC,11711.16
2020-08-31,BTC,11649.51
2020-09-01,BTC,11921.97
2020-09-02,BTC,11388.54
2020-09-03,BTC,10140.85
2020-09-04,BTC,10446.25
2020-09-05,BTC,10166.69
2020-09-06,BTC,10256.2
2020-09-07,BTC,10373.44
2020-09-08,BTC,10126.65
2020-09-09,BTC,10219.2
2020-09-10,BTC,10336.87
2020-09-11,BTC,10387.89
2020-09-12,BTC,10440.92
2020-09-13,BTC,10332.83
2020-09-14,BTC,10671.77
2020-09-15,BTC,10785.31
2020-09-16,BTC,10954.01
2020-09-17,BTC,10939.99
2020-09-18,BTC,10933.39
2020-09-19,BTC,11080.65
2020-09-20,BTC,10920.28
2020-09-21,BTC,10417.22
2020-09-22,BTC,10529.61
2020-09-23,BTC,10241.46
2020-09-24,BTC,10736.32
2020-09-25,BTC,10686.67
2020-09-26,BTC,10728.6
2020-09-27,BTC,10774.25
2020-09-28,BTC,10696.12
2020-09-29,BTC,10840.48
2020-09-30,BTC,10776.59
2020-10-01,BTC,10619.13
2020-10-02,BTC,10570.4
2020-10-03,BTC,10542.06
2020-10-04,BTC,10666.63
2020-10-05,BTC,10792.21
2020-10-06,BTC,10599.66
2020-10-07,BTC,10666.39
2020-10-08,BTC,10925.57
2020-10-09,BTC,11050.64
2020-10-10,BTC,11293.22
2020-10-11,BTC,11369.02
2020-10-12,BTC,11528.25
2020-10-13,BTC,11420.56
2020-10-14,BTC,11417.89
2020-10-15,BTC,11505.12
2020-10-16,BTC,11319.32
2020-10-17,BTC,11360.2
2020-10-18,BTC,11503.14
2020-10-19,BTC,11751.47
2020-10-20,BTC,11909.99
2020-10-21,BTC,12780.96
2020-10-22,BTC,12968.52
2020-10-23,BTC,12923.07
2020-10-24,BTC,13111.73
2020-10-25,BTC,13028.83
2020-10-26,BTC,13052.19
2020-10-27,BTC,13636.17
2020-10-28,BTC,13266.4
2020-10-29,BTC,13455.7
2020-10-30,BTC,13560.1
2020-10-31,BTC,13791.0
2020-11-01,BTC,13761.5
2020-11-02,BTC,13549.37
2020-11-03,BTC,14023.53
2020-11-04,BTC,14144.01
2020-11-05,BTC,15590.02
2020-11-06,BTC,15579.92
2020-11-07,BTC,14818.3
2020-11-08,BTC,15475.1
2020-11-09,BTC,15328.41
2020-11-10,BTC,15297.21
2020-11-11,BTC,15684.24
2020-11-12,BTC,16291.86
2020-11-13,BTC,16320.7
2020-11-14,BTC,16070.45
2020-11-15,BTC,15957.0
2020-11-16,BTC,16713.57
2020-11-17,BTC,17659.38
2020-11-18,BTC,17776.12
2020-11-19,BTC,17802.82
2020-11-20,BTC,18655.67
2020-11-21,BTC,18703.8
2020-11-22,BTC,18414.43
2020-11-23,BTC,18368.0
2020-11-24,BTC,19160.01
2020-11-25,BTC,18719.11
2020-11-26,BTC,17149.47
2020-11-27,BTC,17139.52
2020-11-28,BTC,17719.85
2020-11-29,BTC,18184.99
2020-11-30,BTC,19695.87
2020-12-01,BTC,18764.96
2020-12-02,BTC,19204.09
2020-12-03,BTC,19421.9
2020-12-04,BTC,18650.52
2020-12-05,BTC,19147.66
2020-12-06,BTC,19359.4
2020-12-07,BTC,19166.9
2020-12-08,BTC,18324.11
2020-12-09,BTC,18541.28
2020-12-10,BTC,18254.63
2020-12-11,BTC,18036.53
2020-12-12,BTC,18808.69
2020-12-13,BTC,19174.99
2020-12-14,BTC,19273.14
2020-12-15,BTC,19426.43
2020-12-16,BTC,21335.52
2020-12-17,BTC,22797.16
2020-12-18,BTC,23107.39
2020-12-19,BTC,23821.61
2020-12-20,BTC,23455.52
2020-12-21,BTC,22719.71
2020-12-22,BTC,23810.79
2020-12-23,BTC,23232.76
2020-12-24,BTC,23729.2
2020-12-25,BTC,24712.47
2020-12-26,BTC,26493.39
2020-12-27,BTC,26281.66
2020-12-28,BTC,27079.41
2020-12-29,BTC,27385.0
2020-12-30,BTC,28875.54
2020-12-31,BTC,28923.63
2021-01-01,BTC,29331.69
2021-01-02,BTC,32178.33
2021-01-03,BTC,33000.05
2021-01-04,BTC,31988.71
2021-01-05,BTC,33949.53
2021-01-06,BTC,36769.36
2021-01-07,BTC,39432.28
2021-01-08,BTC,40582.81
2021-01-09,BTC,40088.22
2021-01-10,BTC,38150.02
2021-01-11,BTC,35404.47
2021-01-12,BTC,34051.24
2021-01-13,BTC,37371.38
2021-01-14,BTC,39144.5
2021-01-15,BTC,36742.22
2021-01-16,BTC,35994.98
2021-01-17,BTC,35828.61
2021-01-18,BTC,36631.27
2021-01-19,BTC,35891.49
2021-01-20,BTC,35468.23
2021-01-21,BTC,30850.13
2021-01-22,BTC,32945.17
2021-01-23,BTC,32078.0
2021-01-24,BTC,32259.9
2021-01-25,BTC,32254.2
2021-01-26,BTC,32467.77
2021-01-27,BTC,30366.15
2021-01-28,BTC,33364.86
2021-01-29,BTC,34252.2
2021-01-30,BTC,34262.88
2021-01-31,BTC,33092.98
2021-02-01,BTC,33526.37
2021-02-02,BTC,35466.24
2021-02-03,BTC,37618.87
2021-02-04,BTC,36936.66
2021-02-05,BTC,38290.24
2021-02-06,BTC,39186.94
2021-02-07,BTC,38795.69
2021-02-08,BTC,46374.87
2021-02-09,BTC,46420.42
2021-02-10,BTC,44807.58
2021-02-11,BTC,47969.51
2021-02-12,BTC,47287.6
2021-02-13,BTC,47153.69
2021-02-14,BTC,48577.79
2021-02-15,BTC,47911.1
2021-02-16,BTC,49133.45
2021-02-17,BTC,52119.71
2021-02-18,BTC,51552.6
2021-02-19,BTC,55906.0
2021-02-20,BTC,55841.19
2021-02-21,BTC,57408.57
2021-02-22,BTC,54087.67
2021-02-23,BTC,48891.0
2021-02-24,BTC,49676.2
2021-02-25,BTC,47073.73
2021-02-26,BTC,46276.87
2021-02-27,BTC,46106.43
2021-02-28,BTC,45135.66
2021-03-01,BTC,49587.03
2021-03-02,BTC,48440.65
2021-03-03,BTC,50349.37
2021-03-04,BTC,48374.09
2021-03-05,BTC,48751.71
2021-03-06,BTC,48882.2
2021-03-07,BTC,50971.75
2021-03-08,BTC,52375.17
2021-03-09,BTC,54884.5
2021-03-10,BTC,55851.59
2021-03-11,BTC,57773.16
2021-03-12,BTC,57221.72
2021-03-13,BTC,61188.39
2021-03-14,BTC,58968.31
2021-03-15,BTC,55605.2
2021-03-16,BTC,56900.75
2021-03-17,BTC,58912.97
2021-03-18,BTC,57648.16
2021-03-19,BTC,58030.01
2021-03-20,BTC,58102.28
2021-03-21,BTC,57351.56
2021-03-22,BTC,54083.25
2021-03-23,BTC,54340.89
2021-03-24,BTC,52303.65
2021-03-25,BTC,51293.78
2021-03-26,BTC,55025.59
2021-03-27,BTC,55817.14
2021-03-28,BTC,55777.63
2021-03-29,BTC,57635.47
2021-03-30,BTC,58746.57
2021-03-31,BTC,58740.55
2021-04-01,BTC,58720.44
2021-04-02,BTC,58950.01
2021-04-03,BTC,57051.94
2021-04-04,BTC,58202.01
2021-04-05,BTC,59129.99
2021-04-06,BTC,57991.15
2021-04-07,BTC,55953.45
2021-04-08,BTC,58077.52
2021-04-09,BTC,58142.54
2021-04-10,BTC,59769.13
2021-04-11,BTC,60002.43
2021-04-12,BTC,59860.0
2021-04-13,BTC,63575.0
2021-04-14,BTC,62959.53
2021-04-15,BTC,63159.98
2021-04-16,BTC,61334.8
2021-04-17,BTC,60006.66
2021-04-18,BTC,56150.01
2021-04-19,BTC,55633.14
2021-04-20,BTC,56425.0
2021-04-21,BTC,53787.63
2021-04-22,BTC,51690.96
2021-04-23,BTC,51125.14
2021-04-24,BTC,50047.84
2021-04-25,BTC,49066.77
2021-04-26,BTC,54001.39
2021-04-27,BTC,55011.97
2021-04-28,BTC,54846.22
2021-04-29,BTC,53555.0
2021-04-30,BTC,57694.27
2021-05-01,BTC,57800.37
2021-05-02,BTC,56578.21
2021-05-03,BTC,57169.39
2021-05-04,BTC,53200.01
2021-05-05,BTC,57436.11
2021-05-06,BTC,56393.68
2021-05-07,BTC,57314.75
2021-05-08,BTC,58862.05
2021-05-09,BTC,58240.84
2021-05-10,BTC,55816.14
2021-05-11,BTC,56670.02
2021-05-12,BTC,49631.32
2021-05-13,BTC,49670.97
2021-05-14,BTC,49841.45
2021-05-15,BTC,46762.99
2021-05-16,BTC,46431.5
2021-05-17,BTC,43538.04
2021-05-18,BTC,42849.78
2021-05-19,BTC,36690.09
2021-05-20,BTC,40526.64
2021-05-21,BTC,37252.01
2021-05-22,BTC,37449.73
2021-05-23,BTC,34655.25
2021-05-24,BTC,38796.29
2021-05-25,BTC,38324.72
2021-05-26,BTC,39241.91
2021-05-27,BTC,38529.98
2021-05-28,BTC,35663.49
2021-05-29,BTC,34605.15
2021-05-30,BTC,35641.27
2021-05-31,BTC,37253.81
2021-06-01,BTC,36693.09
2021-06-02,BTC,37568.68
2021-06-03,BTC,39246.79
2021-06-04,BTC,36829.0
2021-06-05,BTC,35513.2
2021-06-06,BTC,35796.31
2021-06-07,BTC,33552.79
2021-06-08,BTC,33380.81
2021-06-09,BTC,37388.05
2021-06-10,BTC,36675.72
2021-06-11,BTC,37331.98
2021-06-12,BTC,35546.11
2021-06-13,BTC,39020.57
2021-06-14,BTC,40516.29
2021-06-15,BTC,40144.04
2021-06-16,BTC,38349.01
2021-06-17,BTC,38092.97
2021-06-18,BTC,35819.84
2021-06-19,BTC,35483.72
2021-06-20,BTC,35600.16
2021-06-21,BTC,31608.93
2021-06-22,BTC,32509.56
2021-06-23,BTC,33678.07
2021-06-24,BTC,34663.09
2021-06-25,BTC,31584.45
2021-06-26,BTC,32283.65
2021-06-27,BTC,34700.34
2021-06-28,BTC,34494.89
2021-06-29,BTC,35911.73
2021-06-30,BTC,35045.0
2021-07-01,BTC,33504.69
2021-07-02,BTC,33786.55
2021-07-03,BTC,34669.13
2021-07-04,BTC,35286.51
2021-07-05,BTC,33690.14
2021-07-06,BTC,34220.01
2021-07-07,BTC,33862.12
2021-07-08,BTC,32875.71
2021-07-09,BTC,33815.81
2021-07-10,BTC,33502.87
2021-07-11,BTC,34258.99
2021-07-12,BTC,33086.63
2021-07-13,BTC,32729.77
2021-07-14,BTC,32820.02
2021-07-15,BTC,31880.0
2021-07-16,BTC,31383.87
2021-07-17,BTC,31520.07
2021-07-18,BTC,31778.56
2021-07-19,BTC,30839.65
2021-07-20,BTC,29790.35
2021-07-21,BTC,32144.51
2021-07-22,BTC,32287.83
2021-07-23,BTC,33634.09
2021-07-24,BTC,34258.14
2021-07-25,BTC,35381.02
2021-07-26,BTC,37237.6
2021-07-27,BTC,39457.87
2021-07-28,BTC,40019.56
2021-07-29,BTC,40016.48
2021-07-30,BTC,42206.37
2021-07-31,BTC,41461.83
2021-08-01,BTC,39845.44
2021-08-02,BTC,39147.82
2021-08-03,BTC,38207.05
2021-08-04,BTC,39723.18
2021-08-05,BTC,40862.46
2021-08-06,BTC,42836.87
2021-08-07,BTC,44572.54
2021-08-08,BTC,43794.37
2021-08-09,BTC,46253.4
2021-08-10,BTC,45584.99
2021-08-11,BTC,45511.0
2021-08-12,BTC,44399.0
2021-08-13,BTC,47800.0
2021-08-14,BTC,47068.51
2021-08-15,BTC,46973.82
2021-08-16,BTC,45901.29
2021-08-17,BTC,44695.95
2021-08-18,BTC,44705.29
2021-08-19,BTC,46760.62
2021-08-20,BTC,49322.47
2021-08-21,BTC,48821.87
2021-08-22,BTC,49239.22
2021-08-23,BTC,49488.85
2021-08-24,BTC,47674.01
2021-08-25,BTC,48973.32
2021-08-26,BTC,46843.87
2021-08-27,BTC,49069.9
2021-08-28,BTC,48895.35
2021-08-29,BTC,48767.83
2021-08-30,BTC,46982.91
2021-08-31,BTC,47100.89
2021-09-01,BTC,48810.52
2021-09-02,BTC,49246.64
2021-09-03,BTC,49999.14
2021-09-04,BTC,49915.64
2021-09-05,BTC,51756.88
2021-09-06,BTC,52663.9
2021-09-07,BTC,46863.73
2021-09-08,BTC,46048.31
2021-09-09,BTC,46395.14
2021-09-10,BTC,44850.91
2021-09-11,BTC,45173.69
2021-09-12,BTC,46025.24
2021-09-13,BTC,44940.73
2021-09-14,BTC,47111.52
2021-09-15,BTC,48121.41
2021-09-16,BTC,47737.82
2021-09-17,BTC,47299.98
2021-09-18,BTC,48292.74
2021-09-19,BTC,47241.75
2021-09-20,BTC,43015.62
2021-09-21,BTC,40734.38
2021-09-22,BTC,43543.61
2021-09-23,BTC,44865.26
2021-09-24,BTC,42810.57
2021-09-25,BTC,42670.64
2021-09-26,BTC,43160.9
2021-09-27,BTC,42147.35
2021-09-28,BTC,41026.54
2021-09-29,BTC,41524.28
2021-09-30,BTC,43824.1
2021-10-01,BTC,48141.61
2021-10-02,BTC,47634.9
2021-10-03,BTC,48200.01
2021-10-04,BTC,49224.94
2021-10-05,BTC,51471.99
2021-10-06,BTC,55315.0
2021-10-07,BTC,53785.22
2021-10-08,BTC,53951.43
2021-10-09,BTC,54949.72
2021-10-10,BTC,54659.0
2021-10-11,BTC,57471.35
2021-10-12,BTC,55996.93
2021-10-13,BTC,57367.0
2021-10-14,BTC,57347.94
2021-10-15,BTC,61672.42
2021-10-16,BTC,60875.57
2021-10-17,BTC,61528.33
2021-10-18,BTC,62009.84
2021-10-19,BTC,64280.59
2021-10-20,BTC,66001.41
2021-10-21,BTC,62193.15
2021-10-22,BTC,60688.22
2021-10-23,BTC,61286.75
2021-10-24,BTC,60852.22
2021-10-25,BTC,63078.78
2021-10-26,BTC,60328.81
2021-10-27,BTC,58413.44
2021-10-28,BTC,60575.89
2021-10-29,BTC,62253.71
2021-10-30,BTC,61859.19
2021-10-31,BTC,61299.8
2021-11-01,BTC,60911.11
2021-11-02,BTC,63219.99
2021-11-03,BTC,62896.48
2021-11-04,BTC,61395.01
2021-11-05,BTC,60937.12
2021-11-06,BTC,61470.61
2021-11-07,BTC,63273.59
2021-11-08,BTC,67525.83
2021-11-09,BTC,66947.66
2021-11-10,BTC,64882.43
2021-11-11,BTC,64774.26
2021-11-12,BTC,64122.23
2021-11-13,BTC,64380.0
2021-11-14,BTC,65519.1
2021-11-15,BTC,63606.74
2021-11-16,BTC,60058.87
2021-11-17,BTC,60344.87
2021-11-18,BTC,56891.62
2021-11-19,BTC,58052.24
2021-11-20,BTC,59707.51
2021-11-21,BTC,58622.02
2021-11-22,BTC,56247.18
2021-11-23,BTC,57541.27
2021-11-24,BTC,57138.29
2021-11-25,BTC,58960.36
2021-11-26,BTC,53726.53
2021-11-27,BTC,54721.03
2021-11-28,BTC,57274.88
2021-11-29,BTC,57776.25
2021-11-30,BTC,56950.56
2021-12-01,BTC,57184.07
2021-12-02,BTC,56480.34
2021-12-03,BTC,53601.05
2021-12-04,BTC,49152.47
2021-12-05,BTC,49396.33
2021-12-06,BTC,50441.92
2021-12-07,BTC,50588.95
2021-12-08,BTC,50471.19
2021-12-09,BTC,47545.59
2021-12-10,BTC,47140.54
2021-12-11,BTC,49389.99
2021-12-12,BTC,50053.9
2021-12-13,BTC,46702.75
2021-12-14,BTC,48343.28
2021-12-15,BTC,48864.98
2021-12-16,BTC,47632.38
2021-12-17,BTC,46131.2
2021-12-18,BTC,46834.48
2021-12-19,BTC,46681.23
2021-12-20,BTC,46914.16
2021-12-21,BTC,48889.88
2021-12-22,BTC,48588.16
2021-12-23,BTC,50838.81
2021-12-24,BTC,50820.0
2021-12-25,BTC,50399.66
2021-12-26,BTC,50775.49
2021-12-27,BTC,50701.44
2021-12-28,BTC,47543.74
2021-12-29,BTC,46464.66
2021-12-30,BTC,47120.87
2021-12-31,BTC,46216.93
2022-01-01,BTC,47722.65
2022-01-02,BTC,47286.18
2022-01-03,BTC,46446.1
2022-01-04,BTC,45832.01
2022-01-05,BTC,43451.13
2022-01-06,BTC,43082.31
2022-01-07,BTC,41566.48
2022-01-08,BTC,41679.74
2022-01-09,BTC,41864.62
2022-01-10,BTC,41822.49
2022-01-11,BTC,42729.29
2022-01-12,BTC,43902.66
2022-01-13,BTC,42560.11
2022-01-14,BTC,43059.96
2022-01-15,BTC,43084.29
2022-01-16,BTC,43071.66
2022-01-17,BTC,42201.62
2022-01-18,BTC,42352.12
2022-01-19,BTC,41660.01
2022-01-20,BTC,40680.91
2022-01-21,BTC,36445.31
2022-01-22,BTC,35071.42
2022-01-23,BTC,36244.55
2022-01-24,BTC,36660.35
2022-01-25,BTC,36958.32
2022-01-26,BTC,36809.34
2022-01-27,BTC,37160.1
2022-01-28,BTC,37716.56
2022-01-29,BTC,38166.84
2022-01-30,BTC,37881.76
2022-01-31,BTC,38466.9
2022-02-01,BTC,38694.59
2022-02-02,BTC,36896.36
2022-02-03,BTC,37311.61
2022-02-04,BTC,41574.25
2022-02-05,BTC,41382.59
2022-02-06,BTC,42380.87
2022-02-07,BTC,43839.99
2022-02-08,BTC,44042.99
2022-02-09,BTC,44372.72
2022-02-10,BTC,43495.44
2022-02-11,BTC,42373.73
2022-02-12,BTC,42217.87
2022-02-13,BTC,42053.66
2022-02-14,BTC,42535.94
2022-02-15,BTC,44544.86
2022-02-16,BTC,43873.56
2022-02-17,BTC,40515.7
2022-02-18,BTC,39974.44
2022-02-19,BTC,40079.17
2022-02-20,BTC,38386.89
2022-02-21,BTC,37008.16
2022-02-22,BTC,38230.33
2022-02-23,BTC,37250.01
2022-02-24,BTC,38327.21
2022-02-25,BTC,39219.17
2022-02-26,BTC,39116.72
2022-02-27,BTC,37699.07
2022-02-28,BTC,43160.0
2022-03-01,BTC,44421.2
2022-03-02,BTC,43892.98
2022-03-03,BTC,42454.0
2022-03-04,BTC,39148.66
2022-03-05,BTC,39397.96
2022-03-06,BTC,38420.81
2022-03-07,BTC,37988.0
2022-03-08,BTC,38730.63
2022-03-09,BTC,41941.71
2022-03-10,BTC,39422.0
2022-03-11,BTC,38729.57
2022-03-12,BTC,38807.36
2022-03-13,BTC,37777.34
2022-03-14,BTC,39671.37
2022-03-15,BTC,39280.33
2022-03-16,BTC,41114.0
2022-03-17,BTC,40917.9
2022-03-18,BTC,41757.51
2022-03-19,BTC,42201.13
2022-03-20,BTC,41262.11
2022-03-21,BTC,41002.25
2022-03-22,BTC,42364.13
2022-03-23,BTC,42882.76
2022-03-24,BTC,43991.46
2022-03-25,BTC,44313.16
2022-03-26,BTC,44511.27
2022-03-27,BTC,46827.76
2022-03-28,BTC,47122.21
2022-03-29,BTC,47434.8
2022-03-30,BTC,47067.99
2022-03-31,BTC,45510.34
2022-04-01,BTC,46283.49
2022-04-02,BTC,45811.0
2022-04-03,BTC,46407.35
2022-04-04,BTC,46580.51
2022-04-05,BTC,45497.55
2022-04-06,BTC,43170.47
2022-04-07,BTC,43444.19
2022-04-08,BTC,42252.01
2022-04-09,BTC,42753.97
2022-04-10,BTC,42158.85
2022-04-11,BTC,39530.45
2022-04-12,BTC,40074.94
2022-04-13,BTC,41147.79
2022-04-14,BTC,39942.38
2022-04-15,BTC,40551.9
2022-04-16,BTC,40378.71
2022-04-17,BTC,39678.12
2022-04-18,BTC,40801.13
2022-04-19,BTC,41493.18
2022-04-20,BTC,41358.19
2022-04-21,BTC,40480.01
2022-04-22,BTC,39709.18
2022-04-23,BTC,39441.6
2022-04-24,BTC,39450.13
2022-04-25,BTC,40426.08
2022-04-26,BTC,38112.65
2022-04-27,BTC,39235.72
2022-04-28,BTC,39742.07
2022-04-29,BTC,38596.11
2022-04-30,BTC,37630.8
2022-05-01,BTC,38468.35
2022-05-02,BTC,38525.16
2022-05-03,BTC,37728.95
2022-05-04,BTC,39690.0
2022-05-05,BTC,36552.97
2022-05-06,BTC,36013.77
2022-05-07,BTC,35472.39
2022-05-08,BTC,34038.4
2022-05-09,BTC,30076.31
2022-05-10,BTC,31017.1
2022-05-11,BTC,29103.94
2022-05-12,BTC,29029.75
2022-05-13,BTC,29287.05
2022-05-14,BTC,30086.74
2022-05-15,BTC,31328.89
2022-05-16,BTC,29874.01
2022-05-17,BTC,30444.93
2022-05-18,BTC,28715.32
2022-05-19,BTC,30319.23
2022-05-20,BTC,29201.01
2022-05-21,BTC,29445.06
2022-05-22,BTC,30293.94
2022-05-23,BTC,29109.15
2022-05-24,BTC,29654.58
2022-05-25,BTC,29542.15
2022-05-26,BTC,29201.35
2022-05-27,BTC,28629.8
2022-05-28,BTC,29031.33
2022-05-29,BTC,29468.1
2022-05-30,BTC,31734.22
2022-05-31,BTC,31801.04
2022-06-01,BTC,29805.83
2022-06-02,BTC,30452.62
2022-06-03,BTC,29700.21
2022-06-04,BTC,29864.04
2022-06-05,BTC,29919.21
2022-06-06,BTC,31373.1
2022-06-07,BTC,31125.33
2022-06-08,BTC,30204.77
2022-06-09,BTC,30109.93
2022-06-10,BTC,29091.88
2022-06-11,BTC,28424.7
2022-06-12,BTC,26574.53
2022-06-13,BTC,22487.41
2022-06-14,BTC,22136.41
2022-06-15,BTC,22583.72
2022-06-16,BTC,20401.31
2022-06-17,BTC,20468.81
2022-06-18,BTC,18970.79
2022-06-19,BTC,20574.0
2022-06-20,BTC,20573.89
2022-06-21,BTC,20723.52
2022-06-22,BTC,19987.99
2022-06-23,BTC,21110.13
2022-06-24,BTC,21237.69
2022-06-25,BTC,21491.19
2022-06-26,BTC,21038.07
2022-06-27,BTC,20742.56
2022-06-28,BTC,20281.29
2022-06-29,BTC,20123.01
2022-06-30,BTC,19942.21
2022-07-01,BTC,19279.8
2022-07-02,BTC,19252.81
2022-07-03,BTC,19315.83
2022-07-04,BTC,20236.71
2022-07-05,BTC,20175.83
2022-07-06,BTC,20564.51
2022-07-07,BTC,21624.98
2022-07-08,BTC,21594.75
2022-07-09,BTC,21591.83
2022-07-10,BTC,20862.47
2022-07-11,BTC,19963.61
2022-07-12,BTC,19328.75
2022-07-13,BTC,20234.87
2022-07-14,BTC,20588.84
2022-07-15,BTC,20830.04
2022-07-16,BTC,21195.6
2022-07-17,BTC,20798.16
2022-07-18,BTC,22432.58
2022-07-19,BTC,23396.62
2022-07-20,BTC,23223.3
2022-07-21,BTC,23152.19
2022-07-22,BTC,22684.83
2022-07-23,BTC,22451.07
2022-07-24,BTC,22579.68
2022-07-25,BTC,21310.9
2022-07-26,BTC,21254.67
2022-07-27,BTC,22952.45
2022-07-28,BTC,23842.93
2022-07-29,BTC,23773.75
2022-07-30,BTC,23643.51
2022-07-31,BTC,23293.32
2022-08-01,BTC,23268.01
2022-08-02,BTC,22987.79
2022-08-03,BTC,22818.37
2022-08-04,BTC,22622.98
2022-08-05,BTC,23312.42
2022-08-06,BTC,22954.21
2022-08-07,BTC,23174.39
2022-08-08,BTC,23810.0
2022-08-09,BTC,23149.95
2022-08-10,BTC,23954.05
2022-08-11,BTC,23934.39
2022-08-12,BTC,24403.68
2022-08-13,BTC,24441.38
2022-08-14,BTC,24305.24
2022-08-15,BTC,24094.82
2022-08-16,BTC,23854.74
2022-08-17,BTC,23342.66
2022-08-18,BTC,23191.2
2022-08-19,BTC,20834.39
2022-08-20,BTC,21140.07
2022-08-21,BTC,21515.61
2022-08-22,BTC,21399.83
2022-08-23,BTC,21529.12
2022-08-24,BTC,21368.08
2022-08-25,BTC,21559.04
2022-08-26,BTC,20241.05
2022-08-27,BTC,20037.6
2022-08-28,BTC,19555.61
2022-08-29,BTC,20285.73
2022-08-30,BTC,19811.66
2022-08-31,BTC,20050.02
2022-09-01,BTC,20131.46
2022-09-02,BTC,19951.86
2022-09-03,BTC,19831.9
2022-09-04,BTC,20000.3
2022-09-05,BTC,19796.84
2022-09-06,BTC,18790.61
2022-09-07,BTC,19292.84
2022-09-08,BTC,19319.77
2022-09-09,BTC,21360.11
2022-09-10,BTC,21648.34
2022-09-11,BTC,21826.87
2022-09-12,BTC,22395.74
2022-09-13,BTC,20173.57
2022-09-14,BTC,20226.71
2022-09-15,BTC,19701.88
2022-09-16,BTC,19803.3
2022-09-17,BTC,20113.62
2022-09-18,BTC,19416.18
2022-09-19,BTC,19537.02
2022-09-20,BTC,18875.0
2022-09-21,BTC,18461.36
2022-09-22,BTC,19401.63
2022-09-23,BTC,19289.91
2022-09-24,BTC,18920.5
2022-09-25,BTC,18807.38
2022-09-26,BTC,19227.82
2022-09-27,BTC,19079.13
2022-09-28,BTC,19412.82
2022-09-29,BTC,19591.51
2022-09-30,BTC,19422.61
2022-10-01,BTC,19310.95
2022-10-02,BTC,19056.8
2022-10-03,BTC,19629.08
2022-10-04,BTC,20337.82
2022-10-05,BTC,20158.26
2022-10-06,BTC,19960.67
2022-10-07,BTC,19530.09
2022-10-08,BTC,19417.96
2022-10-09,BTC,19439.02
2022-10-10,BTC,19131.87
2022-10-11,BTC,19060.0
2022-10-12,BTC,19155.53
2022-10-13,BTC,19375.13
2022-10-14,BTC,19176.93
2022-10-15,BTC,19069.39
2022-10-16,BTC,19262.98
2022-10-17,BTC,19549.86
2022-10-18,BTC,19327.44
2022-10-19,BTC,19123.97
2022-10-20,BTC,19041.92
2022-10-21,BTC,19164.37
2022-10-22,BTC,19204.35
2022-10-23,BTC,19570.4
2022-10-24,BTC,19329.72
2022-10-25,BTC,20080.07
2022-10-26,BTC,20771.59
2022-10-27,BTC,20295.11
2022-10-28,BTC,20591.84
2022-10-29,BTC,20809.67
2022-10-30,BTC,20627.48
2022-10-31,BTC,20490.74
2022-11-01,BTC,20483.62
2022-11-02,BTC,20151.84
2022-11-03,BTC,20207.82
2022-11-04,BTC,21148.52
2022-11-05,BTC,21299.37
2022-11-06,BTC,20905.58
2022-11-07,BTC,20591.13
2022-11-08,BTC,18547.23
2022-11-09,BTC,15922.81
2022-11-10,BTC,17601.15
2022-11-11,BTC,17070.31
2022-11-12,BTC,16812.08
2022-11-13,BTC,16329.85
2022-11-14,BTC,16619.46
2022-11-15,BTC,16900.57
2022-11-16,BTC,16662.76
2022-11-17,BTC,16692.56
2022-11-18,BTC,16700.45
2022-11-19,BTC,16700.68
2022-11-20,BTC,16280.23
2022-11-21,BTC,15781.29
2022-11-22,BTC,16226.94
2022-11-23,BTC,16603.11
2022-11-24,BTC,16598.95
2022-11-25,BTC,16522.14
2022-11-26,BTC,16458.57
2022-11-27,BTC,16428.78
2022-11-28,BTC,16212.91
2022-11-29,BTC,16442.53
2022-11-30,BTC,17163.64
2022-12-01,BTC,16977.37
2022-12-02,BTC,17092.74
2022-12-03,BTC,16885.2
2022-12-04,BTC,17105.7
2022-12-05,BTC,16966.35
2022-12-06,BTC,17088.96
2022-12-07,BTC,16836.64
2022-12-08,BTC,17224.1
2022-12-09,BTC,17128.56
2022-12-10,BTC,17127.49
2022-12-11,BTC,17085.05
2022-12-12,BTC,17209.83
2022-12-13,BTC,17774.7
2022-12-14,BTC,17803.15
2022-12-15,BTC,17356.34
2022-12-16,BTC,16632.12
2022-12-17,BTC,16776.52
2022-12-18,BTC,16738.21
2022-12-19,BTC,16438.88
2022-12-20,BTC,16895.56
2022-12-21,BTC,16824.67
2022-12-22,BTC,16821.43
2022-12-23,BTC,16778.5
2022-12-24,BTC,16836.12
2022-12-25,BTC,16832.11
2022-12-26,BTC,16919.39
2022-12-27,BTC,16706.36
2022-12-28,BTC,16547.31
2022-12-29,BTC,16633.47
2022-12-30,BTC,16607.48
2022-12-31,BTC,16542.4
2023-01-01,BTC,16616.75
2023-01-02,BTC,16672.87
2023-01-03,BTC,16675.18
2023-01-04,BTC,16850.36
2023-01-05,BTC,16831.85
2023-01-06,BTC,16950.65
2023-01-07,BTC,16943.57
2023-01-08,BTC,17127.83
2023-01-09,BTC,17178.26
2023-01-10,BTC,17440.66
2023-01-11,BTC,17943.26
2023-01-12,BTC,18846.62
2023-01-13,BTC,19930.01
2023-01-14,BTC,20954.92
2023-01-15,BTC,20871.5
2023-01-16,BTC,21185.65
2023-01-17,BTC,21134.81
2023-01-18,BTC,20677.47
2023-01-19,BTC,21071.59
2023-01-20,BTC,22667.21
2023-01-21,BTC,22783.55
2023-01-22,BTC,22707.88
2023-01-23,BTC,22916.45
2023-01-24,BTC,22632.89
2023-01-25,BTC,23060.94
2023-01-26,BTC,23009.65
2023-01-27,BTC,23074.16
2023-01-28,BTC,23022.6
2023-01-29,BTC,23742.3
2023-01-30,BTC,22826.15
2023-01-31,BTC,23125.13
2023-02-01,BTC,23732.66
2023-02-02,BTC,23488.94
2023-02-03,BTC,23431.9
2023-02-04,BTC,23326.84
2023-02-05,BTC,22932.91
2023-02-06,BTC,22762.52
2023-02-07,BTC,23240.46
2023-02-08,BTC,22963.0
2023-02-09,BTC,21796.35
2023-02-10,BTC,21625.19
2023-02-11,BTC,21862.55
2023-02-12,BTC,21783.54
2023-02-13,BTC,21773.97
2023-02-14,BTC,22199.84
2023-02-15,BTC,24324.05
2023-02-16,BTC,23517.72
2023-02-17,BTC,24569.97
2023-02-18,BTC,24631.95
2023-02-19,BTC,24271.76
2023-02-20,BTC,24842.2
2023-02-21,BTC,24452.16
2023-02-22,BTC,24182.21
2023-02-23,BTC,23940.2
2023-02-24,BTC,23185.29
2023-02-25,BTC,23157.07
2023-02-26,BTC,23554.85
2023-02-27,BTC,23492.09
2023-02-28,BTC,23141.57
2023-03-01,BTC,23628.97
2023-03-02,BTC,23465.32
2023-03-03,BTC,22354.34
2023-03-04,BTC,22346.57
2023-03-05,BTC,22430.24
2023-03-06,BTC,22410.0
2023-03-07,BTC,22197.96
2023-03-08,BTC,21705.44
2023-03-09,BTC,20362.22
2023-03-10,BTC,20150.69
2023-03-11,BTC,20455.73
2023-03-12,BTC,21997.11
2023-03-13,BTC,24113.48
2023-03-14,BTC,24670.41
2023-03-15,BTC,24285.66
2023-03-16,BTC,24998.78
2023-03-17,BTC,27395.13
2023-03-18,BTC,26907.49
2023-03-19,BTC,27972.87
2023-03-20,BTC,27717.01
2023-03-21,BTC,28105.47
2023-03-22,BTC,27250.97
2023-03-23,BTC,28295.41
2023-03-24,BTC,27454.47
2023-03-25,BTC,27462.95
2023-03-26,BTC,27968.05
2023-03-27,BTC,27124.91
2023-03-28,BTC,27261.07
2023-03-29,BTC,28348.6
2023-03-30,BTC,28028.53
2023-03-31,BTC,28465.36
2023-04-01,BTC,28452.73
2023-04-02,BTC,28171.87
2023-04-03,BTC,27800.0
2023-04-04,BTC,28165.47
2023-04-05,BTC,28170.01
2023-04-06,BTC,28033.82
2023-04-07,BTC,27906.33
2023-04-08,BTC,27938.38
2023-04-09,BTC,28323.76
2023-04-10,BTC,29637.34
2023-04-11,BTC,30200.42
2023-04-12,BTC,29888.07
2023-04-13,BTC,30373.84
2023-04-14,BTC,30466.93
2023-04-15,BTC,30295.09
2023-04-16,BTC,30304.65
2023-04-17,BTC,29430.27
2023-04-18,BTC,30380.01
2023-04-19,BTC,28797.1
2023-04-20,BTC,28243.65
2023-04-21,BTC,27262.84
2023-04-22,BTC,27816.85
2023-04-23,BTC,27590.6
2023-04-24,BTC,27510.93
2023-04-25,BTC,28300.79
2023-04-26,BTC,28415.29
2023-04-27,BTC,29472.77
2023-04-28,BTC,29311.7
2023-04-29,BTC,29230.45
2023-04-30,BTC,29233.21
2023-05-01,BTC,28068.26
2023-05-02,BTC,28669.86
2023-05-03,BTC,29026.16
2023-05-04,BTC,28838.16
2023-05-05,BTC,29505.61
2023-05-06,BTC,28848.2
2023-05-07,BTC,28430.1
2023-05-08,BTC,27668.79
2023-05-09,BTC,27628.27
2023-05-10,BTC,27598.75
2023-05-11,BTC,26968.62
2023-05-12,BTC,26795.01
2023-05-13,BTC,26775.28
2023-05-14,BTC,26917.62
2023-05-15,BTC,27162.14
2023-05-16,BTC,27033.84
2023-05-17,BTC,27405.61
2023-05-18,BTC,26821.28
2023-05-19,BTC,26880.26
2023-05-20,BTC,27102.43
2023-05-21,BTC,26747.78
2023-05-22,BTC,26849.27
2023-05-23,BTC,27219.61
2023-05-24,BTC,26329.01
2023-05-25,BTC,26473.79
2023-05-26,BTC,26705.92
2023-05-27,BTC,26854.27
2023-05-28,BTC,28065.0
2023-05-29,BTC,27736.4
2023-05-30,BTC,27694.4
2023-05-31,BTC,27210.35
2023-06-01,BTC,26817.93
2023-06-02,BTC,27242.59
2023-06-03,BTC,27069.22
2023-06-04,BTC,27115.21
2023-06-05,BTC,25728.2
2023-06-06,BTC,27230.08
2023-06-07,BTC,26339.34
2023-06-08,BTC,26498.61
2023-06-09,BTC,26477.81
2023-06-10,BTC,25841.21
2023-06-11,BTC,25925.55
2023-06-12,BTC,25905.19
2023-06-13,BTC,25934.25
2023-06-14,BTC,25128.6
2023-06-15,BTC,25598.49
2023-06-16,BTC,26345.0
2023-06-17,BTC,26516.99
2023-06-18,BTC,26339.97
2023-06-19,BTC,26844.35
2023-06-20,BTC,28307.99
2023-06-21,BTC,29993.89
2023-06-22,BTC,29884.92
2023-06-23,BTC,30688.5
2023-06-24,BTC,30527.43
2023-06-25,BTC,30462.66
2023-06-26,BTC,30267.99
2023-06-27,BTC,30692.44
2023-06-28,BTC,30077.41
2023-06-29,BTC,30447.31
2023-06-30,BTC,30472.0
2023-07-01,BTC,30585.9
2023-07-02,BTC,30617.03
2023-07-03,BTC,31156.2
2023-07-04,BTC,30766.51
2023-07-05,BTC,30504.81
2023-07-06,BTC,29895.43
2023-07-07,BTC,30344.7
2023-07-08,BTC,30284.63
2023-07-09,BTC,30160.71
2023-07-10,BTC,30411.57
2023-07-11,BTC,30622.1
2023-07-12,BTC,30380.0
2023-07-13,BTC,31454.23
2023-07-14,BTC,30312.01
2023-07-15,BTC,30289.52
2023-07-16,BTC,30231.99
2023-07-17,BTC,30138.0
2023-07-18,BTC,29859.13
2023-07-19,BTC,29909.21
2023-07-20,BTC,29800.0
2023-07-21,BTC,29901.72
2023-07-22,BTC,29794.0
2023-07-23,BTC,30083.75
2023-07-24,BTC,29176.5
2023-07-25,BTC,29228.91
2023-07-26,BTC,29351.96
2023-07-27,BTC,29222.78
2023-07-28,BTC,29314.14
2023-07-29,BTC,29352.9
2023-07-30,BTC,29281.09
2023-07-31,BTC,29232.25
2023-08-01,BTC,29705.99
2023-08-02,BTC,29186.01
2023-08-03,BTC,29193.64
2023-08-04,BTC,29113.99
2023-08-05,BTC,29072.13
2023-08-06,BTC,29088.42
2023-08-07,BTC,29211.06
2023-08-08,BTC,29770.42
2023-08-09,BTC,29581.99
2023-08-10,BTC,29455.75
2023-08-11,BTC,29426.03
2023-08-12,BTC,29430.17
2023-08-13,BTC,29303.84
2023-08-14,BTC,29430.93
2023-08-15,BTC,29200.0
2023-08-16,BTC,28730.51
2023-08-17,BTC,26623.41
2023-08-18,BTC,26054.0
2023-08-19,BTC,26100.01
2023-08-20,BTC,26189.99
2023-08-21,BTC,26126.92
2023-08-22,BTC,26056.0
2023-08-23,BTC,26432.72
2023-08-24,BTC,26180.05
2023-08-25,BTC,26060.01
2023-08-26,BTC,26017.37
2023-08-27,BTC,26101.77
2023-08-28,BTC,26120.0
2023-08-29,BTC,27716.34
2023-08-30,BTC,27299.99
2023-08-31,BTC,25940.78
2023-09-01,BTC,25805.05
2023-09-02,BTC,25869.51
2023-09-03,BTC,25971.21
2023-09-04,BTC,25826.02
2023-09-05,BTC,25792.1
2023-09-06,BTC,25759.95
2023-09-07,BTC,26255.0
2023-09-08,BTC,25910.5
2023-09-09,BTC,25901.61
2023-09-10,BTC,25841.61
2023-09-11,BTC,25162.52
2023-09-12,BTC,25840.1
2023-09-13,BTC,26222.0
2023-09-14,BTC,26522.73
2023-09-15,BTC,26600.0
2023-09-16,BTC,26559.67
2023-09-17,BTC,26527.51
2023-09-18,BTC,26762.51
2023-09-19,BTC,27210.26
2023-09-20,BTC,27125.0
2023-09-21,BTC,26568.08
2023-09-22,BTC,26580.14
2023-09-23,BTC,26575.96
2023-09-24,BTC,26248.38
2023-09-25,BTC,26304.81
2023-09-26,BTC,26221.67
2023-09-27,BTC,26372.99
2023-09-28,BTC,27021.39
2023-09-29,BTC,26906.96
2023-09-30,BTC,26962.56
2023-10-01,BTC,27992.57
2023-10-02,BTC,27494.51
2023-10-03,BTC,27426.46
2023-10-04,BTC,27778.57
2023-10-05,BTC,27410.39
2023-10-06,BTC,27931.09
2023-10-07,BTC,27956.67
2023-10-08,BTC,27917.05
2023-10-09,BTC,27590.12
2023-10-10,BTC,27390.12
2023-10-11,BTC,26875.52
2023-10-12,BTC,26759.63
2023-10-13,BTC,26862.0
2023-10-14,BTC,26852.48
2023-10-15,BTC,27154.15
2023-10-16,BTC,28500.78
2023-10-17,BTC,28395.91
2023-10-18,BTC,28320.0
2023-10-19,BTC,28713.71
2023-10-20,BTC,29669.04
2023-10-21,BTC,29909.8
2023-10-22,BTC,29992.46
2023-10-23,BTC,33069.99
2023-10-24,BTC,33922.73
2023-10-25,BTC,34496.05
2023-10-26,BTC,34151.66
2023-10-27,BTC,33892.02
2023-10-28,BTC,34081.0
2023-10-29,BTC,34525.89
2023-10-30,BTC,34474.73
2023-10-31,BTC,34639.77
2023-11-01,BTC,35421.43
2023-11-02,BTC,34941.59
2023-11-03,BTC,34716.78
2023-11-04,BTC,35062.07
2023-11-05,BTC,35011.88
2023-11-06,BTC,35046.09
2023-11-07,BTC,35399.12
2023-11-08,BTC,35624.72
2023-11-09,BTC,36701.09
2023-11-10,BTC,37301.63
2023-11-11,BTC,37130.0
2023-11-12,BTC,37064.13
2023-11-13,BTC,36462.93
2023-11-14,BTC,35551.19
2023-11-15,BTC,37858.2
2023-11-16,BTC,36163.51
2023-11-17,BTC,36613.92
2023-11-18,BTC,36568.1
2023-11-19,BTC,37359.86
2023-11-20,BTC,37448.78
2023-11-21,BTC,35741.65
2023-11-22,BTC,37408.34
2023-11-23,BTC,37294.28
2023-11-24,BTC,37713.57
2023-11-25,BTC,37780.67
2023-11-26,BTC,37447.43
2023-11-27,BTC,37242.7
2023-11-28,BTC,37818.87
2023-11-29,BTC,37854.64
2023-11-30,BTC,37723.96
2023-12-01,BTC,38682.52
2023-12-02,BTC,39450.35
2023-12-03,BTC,39972.26
2023-12-04,BTC,41991.1
2023-12-05,BTC,44073.32
2023-12-06,BTC,43762.69
2023-12-07,BTC,43273.14
2023-12-08,BTC,44170.99
2023-12-09,BTC,43713.6
2023-12-10,BTC,43789.51
2023-12-11,BTC,41253.4
2023-12-12,BTC,41492.39
2023-12-13,BTC,42869.03
2023-12-14,BTC,43022.26
2023-12-15,BTC,41940.3
2023-12-16,BTC,42278.03
2023-12-17,BTC,41374.65
2023-12-18,BTC,42657.8
2023-12-19,BTC,42275.99
2023-12-20,BTC,43668.93
2023-12-21,BTC,43861.8
2023-12-22,BTC,43969.04
2023-12-23,BTC,43702.16
2023-12-24,BTC,42991.5
2023-12-25,BTC,43576.13
2023-12-26,BTC,42508.93
2023-12-27,BTC,43428.85
2023-12-28,BTC,42563.76
2023-12-29,BTC,42066.95
2023-12-30,BTC,42140.28
2023-12-31,BTC,42283.58
2024-01-01,BTC,44179.55
2024-01-02,BTC,44946.91
2024-01-03,BTC,42845.23
2024-01-04,BTC,44151.1
2024-01-05,BTC,44145.11
2024-01-06,BTC,43968.32
2024-01-07,BTC,43929.02
2024-01-08,BTC,46951.04
2024-01-09,BTC,46110.0
2024-01-10,BTC,46653.99
2024-01-11,BTC,46339.16
2024-01-12,BTC,42782.73
2024-01-13,BTC,42847.99
2024-01-14,BTC,41732.35
2024-01-15,BTC,42511.1
2024-01-16,BTC,43137.95
2024-01-17,BTC,42776.1
2024-01-18,BTC,41327.5
2024-01-19,BTC,41659.03
2024-01-20,BTC,41696.04
2024-01-21,BTC,41580.33
2024-01-22,BTC,39568.02
2024-01-23,BTC,39897.6
2024-01-24,BTC,40084.88
2024-01-25,BTC,39961.09
2024-01-26,BTC,41823.51
2024-01-27,BTC,42120.63
2024-01-28,BTC,42031.06
2024-01-29,BTC,43302.7
2024-01-30,BTC,42941.1
2024-01-31,BTC,42580.0
2024-02-01,BTC,43082.94
2024-02-02,BTC,43200.0
2024-02-03,BTC,43011.09
2024-02-04,BTC,42582.88
2024-02-05,BTC,42708.7
2024-02-06,BTC,43098.95
2024-02-07,BTC,44349.6
2024-02-08,BTC,45288.65
2024-02-09,BTC,47132.77
2024-02-10,BTC,47751.09
2024-02-11,BTC,48299.99
2024-02-12,BTC,49917.27
2024-02-13,BTC,49699.59
2024-02-14,BTC,51795.17
2024-02-15,BTC,51880.0
2024-02-16,BTC,52124.11
2024-02-17,BTC,51642.64
2024-02-18,BTC,52137.67
2024-02-19,BTC,51774.73
2024-02-20,BTC,52258.82
2024-02-21,BTC,51849.39
2024-02-22,BTC,51288.42
2024-02-23,BTC,50744.15
2024-02-24,BTC,51568.22
2024-02-25,BTC,51728.85
2024-02-26,BTC,54476.47
2024-02-27,BTC,57037.34
2024-02-28,BTC,62432.1
2024-02-29,BTC,61130.98
2024-03-01,BTC,62387.9
2024-03-02,BTC,61987.28
2024-03-03,BTC,63113.97
2024-03-04,BTC,68245.71
2024-03-05,BTC,63724.01
2024-03-06,BTC,66074.04
2024-03-07,BTC,66823.17
2024-03-08,BTC,68124.19
2024-03-09,BTC,68313.27
2024-03-10,BTC,68955.88
2024-03-11,BTC,72078.1
2024-03-12,BTC,71452.01
2024-03-13,BTC,73072.41
2024-03-14,BTC,71388.94
2024-03-15,BTC,69499.85
2024-03-16,BTC,65300.63
2024-03-17,BTC,68393.48
2024-03-18,BTC,67609.99
2024-03-19,BTC,61937.4
2024-03-20,BTC,67840.51
2024-03-21,BTC,65501.27
2024-03-22,BTC,63796.64
2024-03-23,BTC,63990.01
2024-03-24,BTC,67209.99
2024-03-25,BTC,69880.01
2024-03-26,BTC,69988.0
2024-03-27,BTC,69469.99
2024-03-28,BTC,70780.6
2024-03-29,BTC,69850.54
2024-03-30,BTC,69582.18
2024-03-31,BTC,71280.01
2024-04-01,BTC,69649.8
2024-04-02,BTC,65463.99
2024-04-03,BTC,65963.28
2024-04-04,BTC,68487.79
2024-04-05,BTC,67820.62
2024-04-06,BTC,68896.0
2024-04-07,BTC,69360.39
2024-04-08,BTC,71620.0
2024-04-09,BTC,69146.0
2024-04-10,BTC,70631.08
2024-04-11,BTC,70006.23
2024-04-12,BTC,67116.52
2024-04-13,BTC,63924.51
2024-04-14,BTC,65661.84
2024-04-15,BTC,63419.99
2024-04-16,BTC,63793.39
2024-04-17,BTC,61277.37
2024-04-18,BTC,63470.08
2024-04-19,BTC,63818.01
2024-04-20,BTC,64940.59
2024-04-21,BTC,64941.15
2024-04-22,BTC,66819.32
2024-04-23,BTC,66414.0
2024-04-24,BTC,64289.59
2024-04-25,BTC,64498.34
2024-04-26,BTC,63770.01
2024-04-27,BTC,63461.98
2024-04-28,BTC,63118.62
2024-04-29,BTC,63866.0
2024-04-30,BTC,60672.0
2024-05-01,BTC,58364.97
2024-05-02,BTC,59060.61
2024-05-03,BTC,62882.01
2024-05-04,BTC,63892.04
2024-05-05,BTC,64012.0
2024-05-06,BTC,63165.19
2024-05-07,BTC,62312.08
2024-05-08,BTC,61193.03
2024-05-09,BTC,63074.01
2024-05-10,BTC,60799.99
2024-05-11,BTC,60825.99
2024-05-12,BTC,61483.99
2024-05-13,BTC,62940.08
2024-05-14,BTC,61577.49
2024-05-15,BTC,66206.5
2024-05-16,BTC,65235.21
2024-05-17,BTC,67024.0
2024-05-18,BTC,66915.2
2024-05-19,BTC,66274.01
2024-05-20,BTC,71446.62
2024-05-21,BTC,70148.34
2024-05-22,BTC,69166.62
2024-05-23,BTC,67969.65
2024-05-24,BTC,68549.99
2024-05-25,BTC,69290.57
2024-05-26,BTC,68507.67
2024-05-27,BTC,69436.43
2024-05-28,BTC,68398.39
2024-05-29,BTC,67652.42
2024-05-30,BTC,68352.17
2024-05-31,BTC,67540.01
2024-06-01,BTC,67766.85
2024-06-02,BTC,67765.63
2024-06-03,BTC,68809.9
2024-06-04,BTC,70537.84
2024-06-05,BTC,71108.0
2024-06-06,BTC,70799.06
2024-06-07,BTC,69355.6
2024-06-08,BTC,69310.46
2024-06-09,BTC,69648.14
2024-06-10,BTC,69540.0
2024-06-11,BTC,67314.24
2024-06-12,BTC,68263.99
2024-06-13,BTC,66773.01
2024-06-14,BTC,66043.99
2024-06-15,BTC,66228.25
2024-06-16,BTC,66676.87
2024-06-17,BTC,66504.33
2024-06-18,BTC,65175.32
2024-06-19,BTC,64974.37
2024-06-20,BTC,64869.99
2024-06-21,BTC,64143.56
2024-06-22,BTC,64262.01
2024-06-23,BTC,63210.01
2024-06-24,BTC,60293.3
2024-06-25,BTC,61806.01
2024-06-26,BTC,60864.99
2024-06-27,BTC,61706.47
2024-06-28,BTC,60427.84
2024-06-29,BTC,60986.68
2024-06-30,BTC,62772.01
2024-07-01,BTC,62899.99
2024-07-02,BTC,62135.47
2024-07-03,BTC,60208.58
2024-07-04,BTC,57050.01
2024-07-05,BTC,56628.79
2024-07-06,BTC,58230.13
2024-07-07,BTC,55857.81
2024-07-08,BTC,56714.62
2024-07-09,BTC,58050.0
2024-07-10,BTC,57725.85
2024-07-11,BTC,57339.89
2024-07-12,BTC,57889.1
2024-07-13,BTC,59204.02
2024-07-14,BTC,60797.91
2024-07-15,BTC,64724.14
2024-07-16,BTC,65043.99
2024-07-17,BTC,64087.99
2024-07-18,BTC,64790.01
