name,known_for,total,release_year_min,ratio,vote_average
Chris Coppola,,5,2009,1.0,5.96
Michael Teigen,,6,2008,1.0,6.05
Genevieve Hannelius,,7,2010,0.8571428571428571,6.3
Jonathan Morgan Heit,,4,2008,1.0,6.1000000000000005
Danny Woodburn,,4,1996,1.0,6.1000000000000005
Richard Kind,,11,1998,1.0,6.454545454545454
Kaitlyn Maher,,4,2009,1.0,6.15
Josh Flitter,,6,2005,1.0,6.266666666666667
Paul Rudd,red,7,2006,1.0,7.228571428571429
Evangeline Lilly,red,5,2003,1.0,7.159999999999999
Michael Peña,red,4,2015,1.0,6.574999999999999
Bobby Cannavale,red,5,2014,1.0,6.9399999999999995
Judy Greer,red,4,2015,1.0,6.85
T.I.,red,3,2015,1.0,7.066666666666666
David Dastmalchian,red,3,2015,1.0,7.066666666666666
Abby Ryder Fortson,red,3,2015,1.0,7.066666666666666
Michael Douglas,red,4,2015,1.0,7.375
Dax Griffin,red,3,2015,1.0,7.066666666666666
Hayley Lovitt,red,3,2015,1.0,7.066666666666666
Stan Lee,red,31,1981,0.9354838709677419,7.187096774193549
Vanessa Ross,red,3,2015,1.0,7.066666666666666
Hayley Gagner,red,3,2015,1.0,7.066666666666666
John Lobato,red,3,2015,1.0,7.066666666666666
Ed Moy,red,4,2010,1.0,7.0
Anthony Mackie,red,11,2014,0.9090909090909091,7.336363636363637
Hayley Atwell,red,12,2011,0.9166666666666666,7.158333333333334
John Slattery,red,6,2007,1.0,7.016666666666667
Michael A. Cook,red,4,2015,1.0,7.4750000000000005
Chris Evans,red,14,2007,1.0,7.2
Sebastian Stan,red,12,2011,0.9166666666666666,7.316666666666666
Nicholas Barrera,red,3,2015,1.0,6.8
Randall Park,red,4,2018,0.75,7.0
Elizabeth Olsen,red,8,2014,0.875,7.5
Paul Bettany,red,11,2008,0.9090909090909091,7.236363636363635
Kat Dennings,red,6,2002,0.8333333333333334,6.783333333333334
Kathryn Hahn,,4,2015,0.75,6.8
Teyonah Parris,,3,2019,0.6666666666666666,7.0
James Siderits,red,3,2018,1.0,7.566666666666667
Chris Hemsworth,red,12,2011,0.9166666666666666,7.363636363636362
Natalie Portman,red,7,1999,1.0,7.0
Tom Hiddleston,red,13,2011,0.9230769230769231,7.215384615384614
Anthony Hopkins,red,3,2011,1.0,7.0
Ray Stevenson,red,4,2011,1.0,6.699999999999999
Tadanobu Asano,red,3,2011,1.0,7.0
Idris Elba,red,7,2011,1.0,7.328571428571428
Rene Russo,red,3,2011,1.0,7.233333333333333
Stellan Skarsgård,red,6,2006,1.0,7.1499999999999995
Benicio del Toro,red,4,2013,1.0,7.425000000000001
Robert Downey Jr.,red,11,2006,1.0,7.181818181818182
Mark Ruffalo,red,10,2012,1.0,7.4799999999999995
Scarlett Johansson,red,15,1997,1.0,7.28
Benedict Cumberbatch,red,6,2013,1.0,7.466666666666668
Tom Holland,red,4,2016,1.0,7.95
Chadwick Boseman,red,5,2016,1.0,7.7
Don Cheadle,red,8,2010,1.0,7.375
Zoe Saldana,red,7,2003,1.0,7.842857142857143
Karen Gillan,red,4,2014,1.0,8.025
Danai Gurira,red,4,2014,1.0,7.775
Benedict Wong,red,5,2016,1.0,7.94
Pom Klementieff,red,3,2017,1.0,8.066666666666668
Dave Bautista,red,4,2014,1.0,8.025
Vin Diesel,red,7,2005,1.0,7.485714285714287
Bradley Cooper,red,4,2014,1.0,8.025
Gwyneth Paltrow,red,7,2008,1.0,7.514285714285714
Josh Brolin,red,4,2014,1.0,7.950000000000001
Chris Pratt,red,8,2014,1.0,7.625
Sean Gunn,red,4,2014,1.0,8.025
William Hurt,red,6,2002,1.0,7.3999999999999995
Letitia Wright,red,3,2018,1.0,8.0
Winston Duke,red,3,2018,1.0,8.0
Florence Kasumba,red,3,2016,1.0,7.7
Kerry Condon,red,4,2015,1.0,7.825
Monique Ganderton,red,4,2015,1.0,7.325
Samuel L. Jackson,blue,20,1999,1.0,7.235000000000001
Cobie Smulders,red,5,2012,1.0,7.860000000000001
Jon Favreau,red,9,2008,0.8888888888888888,6.933333333333334
Clark Gregg,red,7,2008,1.0,7.0857142857142845
Ricki Lander,red,3,2008,1.0,7.266666666666666
Ajani Perkins,red,3,2008,1.0,7.266666666666666
Laura Haddock,red,3,2011,1.0,7.5
Hugh Jackman,,9,2000,1.0,7.011111111111111
Shawn Ashmore,,6,2000,0.8333333333333334,6.966666666666666
Tom Kenny,red,14,1995,0.6428571428571429,6.950000000000002
Charlie Adler,,9,1989,0.8888888888888888,7.222222222222222
Jeremy Renner,red,10,2011,0.9,7.280000000000001
Maximiliano Hernández,red,6,2011,1.0,7.5
Brent McGee,red,3,2012,1.0,7.800000000000001
Pat Kiernan,red,5,2006,1.0,6.960000000000001
Zack Duhame,red,3,2014,1.0,7.3
Seth Green,red,8,1988,0.875,6.8
Emily VanCamp,red,7,2014,0.8571428571428571,7.057142857142858
Frank Grillo,red,3,2014,1.0,7.800000000000001
Brian Schaeffer,red,5,2010,1.0,7.339999999999999
Joe Russo,red,4,2014,1.0,7.6000000000000005
Dove Cameron,,13,2013,0.8461538461538461,7.338461538461538
Cameron Boyce,,4,2011,0.75,7.625
Booboo Stewart,,7,2014,1.0,7.271428571428571
Sofia Carson,,8,2015,0.875,7.525
Mitchell Hope,,4,2015,1.0,7.324999999999999
Melanie Paxson,,5,2013,1.0,7.340000000000001
Brenna D'Amico,,3,2015,1.0,7.433333333333333
Sarah Jeffery,,3,2015,1.0,7.3
Jedidiah Goodacre,,6,2014,1.0,6.95
Dan Payne,,4,2015,1.0,7.324999999999999
Keegan Connor Tracy,,3,2015,1.0,7.433333333333333
Tyler Layton-Olson,,3,2015,1.0,7.433333333333333
Kiara Gudgeon,,3,2015,1.0,7.433333333333333
Navid Charkhi,,3,2015,1.0,7.433333333333333
China Anne McClain,,6,2011,0.8333333333333334,7.266666666666667
Anna Cathcart,,5,2017,1.0,7.300000000000002
Bobby Moynihan,,11,2013,0.8181818181818182,7.209090909090909
Dee Bradley Baker,red,35,1998,0.7428571428571429,6.932352941176471
Skai Jackson,,6,2010,0.6666666666666666,7.316666666666666
Kathreen Khavari,,6,2018,1.0,6.95
Kamil McFadden,,5,2015,0.8,7.280000000000001
Tyler Posey,,5,2018,1.0,7.0
Cierra Ramirez,,6,2018,1.0,6.95
Tara Strong,red,17,1997,0.7647058823529411,6.858823529411764
Milana Vayntrub,,6,2018,1.0,6.95
Thomas Doherty,,4,2016,0.75,7.75
Dylan Playfair,,3,2017,1.0,7.599999999999999
Zachary Gibson,,3,2014,1.0,6.8999999999999995
Kathy Najimy,,11,1992,0.9090909090909091,7.109090909090909
Jeff Bennett,,46,1994,0.8478260869565217,6.591304347826087
Kristin Chenoweth,,7,2008,1.0,6.785714285714286
Mae Whitman,,10,1999,0.9,6.8
Pamela Adlon,,13,1996,0.7692307692307693,6.761538461538461
Lucy Liu,,7,2004,1.0,6.814285714285714
Raven-Symoné,,17,1999,0.8823529411764706,6.856249999999999
Rob Paulsen,blue,25,1992,0.92,6.512
Jesse McCartney,,8,2007,1.0,6.45
Bob Bergen,,33,1996,0.9696969696969697,7.009090909090909
Jennifer Oleksiuk,,3,2010,1.0,6.900000000000001
Morgan Tanner,,4,2003,1.0,6.750000000000001
Demi Lovato,,5,2008,0.8,6.719999999999999
Joe Jonas,,6,2008,0.8333333333333334,6.483333333333333
Nick Jonas,,6,2008,0.8333333333333334,6.483333333333333
Kevin Jonas,,6,2008,0.8333333333333334,6.483333333333333
Frankie Jonas,,4,2009,1.0,6.2250000000000005
Maria Canals-Barrera,,5,2007,0.8,6.9
Selena Gomez,,5,2007,0.8,7.0
Jake T. Austin,,5,2007,0.8,6.9
Jennifer Stone,,4,2007,0.75,6.7749999999999995
David DeLuise,,4,2007,0.75,7.174999999999999
Alyson Stoner,,11,2004,0.8181818181818182,6.745454545454544
Vincent Martella,,7,2007,0.7142857142857143,7.3
Thomas Brodie-Sangster,blue,6,2007,0.6666666666666666,7.266666666666666
Dan Povenmire,,6,2007,0.6666666666666666,7.250000000000001
Ashley Tisdale,,12,1998,0.75,7.016666666666667
Caroline Rhea,,8,2000,0.75,7.3375
Richard O'Brien,,7,1976,0.8571428571428571,7.000000000000001
Jeff 'Swampy' Marsh,,6,2007,0.6666666666666666,7.250000000000001
Maulik Pancholy,,7,2007,0.8571428571428571,6.885714285714286
Bobby Gaylor,,6,2007,0.6666666666666666,7.283333333333334
Mitchel Musso,,7,2005,0.8571428571428571,6.6
Tyler Alexander Mann,,3,2007,0.6666666666666666,7.400000000000001
Kelly Hu,,5,2003,0.8,7.160000000000001
Olivia Olson,,3,2011,1.0,7.133333333333333
John Viener,,3,2011,1.0,7.133333333333333
Walt Disney,,41,1928,0.975609756097561,6.887804878048781
Marcellite Garner,,9,1933,1.0,6.611111111111112
Peter Schneider,,3,2007,1.0,7.266666666666666
Thomas Schumacher,,3,2007,1.0,7.266666666666666
Roy Edward Disney,,4,2007,1.0,7.299999999999999
Ron Clements,,4,2007,1.0,7.225
John Musker,,4,2007,1.0,7.225
Glen Keane,,4,1995,1.0,7.324999999999999
Don Hahn,,4,2007,1.0,6.949999999999999
Robert A. Iger,,5,2007,1.0,7.279999999999999
Harry Sabin,,5,1979,1.0,7.38
Randy Cartwright,,3,2007,1.0,7.266666666666666
Milt Kahl,,3,1938,1.0,7.166666666666667
James MacDonald,,25,1936,1.0,6.836
Ward Kimball,,3,1941,1.0,7.166666666666667
Pinto Colvig,,46,1932,1.0,6.534782608695653
Clarence Nash,,47,1932,1.0,6.680851063829787
Billy Bletcher,,12,1933,1.0,6.724999999999999
Eddie Holden,,4,1935,1.0,6.65
Fred Tatasciore,blue,19,2006,0.7368421052631579,7.052631578947367
Zac Efron,,5,2006,1.0,6.9
Vanessa Hudgens,,3,2006,1.0,6.566666666666666
Lucas Grabeel,,9,2004,0.8888888888888888,6.366666666666666
Corbin Bleu,,4,2006,1.0,6.475
Monique Coleman,,3,2006,1.0,6.566666666666666
Olesya Rulin,,6,2001,1.0,6.099999999999999
Chris Warren,,3,2006,1.0,6.566666666666666
Ryne Sanborn,,3,2006,1.0,6.566666666666666
Kaycee Stroh,,3,2006,1.0,6.566666666666666
Bart Johnson,,3,2006,1.0,6.566666666666666
Alyson Reed,,3,2006,1.0,6.566666666666666
Leslie Wing,,4,2006,1.0,6.55
Robert Curtis Brown,,4,2001,1.0,6.225
Jessica Tuck,,5,1997,1.0,6.159999999999999
"Manly ""Little Pickles"" Ortega",,3,2007,1.0,6.366666666666667
Shawn Carter,,3,2006,1.0,6.566666666666666
Mollee Gray,,5,2006,1.0,6.68
Charles Klapow,,3,2006,1.0,6.566666666666666
Britt Stewart,,4,2006,1.0,6.65
Kevin Michael Richardson,red,24,2000,0.7083333333333334,6.650000000000001
Grey DeLisle,,18,2002,0.7777777777777778,6.872222222222223
Martin Short,,6,1997,1.0,6.333333333333333
Corey Burton,blue,30,1985,0.7333333333333333,6.899999999999998
Diedrich Bader,,13,1998,0.7692307692307693,6.661538461538461
Frank Welker,,57,1969,0.8947368421052632,6.887719298245614
Tress MacNeille,,30,1996,0.7333333333333333,6.633333333333332
Matt Lanter,blue,3,2008,0.6666666666666666,7.433333333333334
Kim Raver,,4,2006,1.0,6.875
Chloe Bennet,,4,2014,1.0,7.125000000000001
Roger Craig Smith,red,12,2009,0.75,6.925000000000001
Adrian Pasdar,red,3,2013,1.0,6.233333333333333
Clancy Brown,red,12,1996,0.6666666666666666,6.625
Liam O'Brien,red,4,2009,0.75,6.6000000000000005
Jim Cummings,blue,57,1985,0.7894736842105263,6.8122807017543865
Jack McBrayer,,4,2011,1.0,7.0
Debi Derryberry,,18,1992,1.0,6.755555555555556
John DiMaggio,,13,2000,0.6923076923076923,7.076923076923078
April Winchell,,27,1988,0.8148148148148148,6.562962962962963
Daveigh Chase,,3,2002,1.0,6.866666666666667
Chris Sanders,blue,9,1998,1.0,6.98888888888889
Tia Carrere,,4,2002,1.0,6.800000000000001
David Ogden Stiers,,15,1991,1.0,6.560000000000001
Kevin McDonald,,5,2002,1.0,6.6800000000000015
Liliana Mumy,,11,2002,0.9090909090909091,6.309090909090909
Ving Rhames,red,4,2002,1.0,7.050000000000001
Jess Harnell,,30,1997,0.9666666666666667,6.846666666666668
Kari Wahlgren,,17,2006,0.7647058823529411,7.223529411764706
John Kassir,,9,1995,1.0,6.244444444444444
Trevor Devall,blue,7,2015,0.2857142857142857,7.214285714285714
David Cowgill,blue,12,1998,1.0,6.958333333333333
Terri Douglas,blue,15,2005,1.0,6.920000000000001
Laraine Newman,,18,1996,1.0,7.072222222222222
Paul Pape,,7,2006,1.0,6.842857142857142
Nolan North,red,3,2006,0.3333333333333333,7.166666666666667
Mona Marshall,,13,1996,1.0,7.276923076923078
Daniel Kaz,,6,2006,1.0,6.916666666666665
Bridget Hoffman,red,6,2002,1.0,6.6499999999999995
Nicholas Guest,,7,2002,1.0,6.828571428571429
Eddie Frierson,,4,2006,1.0,6.925
Steve Blum,blue,7,2002,0.42857142857142855,7.6000000000000005
Tom Kane,blue,7,2008,0.5714285714285714,7.314285714285715
Idina Menzel,,9,2007,0.8888888888888888,6.933333333333333
Alan Tudyk,blue,15,2006,0.9333333333333333,7.280000000000001
Stephen J. Anderson,,5,2000,1.0,7.080000000000001
David Boat,blue,6,2009,0.8333333333333334,7.300000000000001
Paul Briggs,,7,2009,0.8571428571428571,7.271428571428571
June Christopher,red,8,2008,1.0,7.15
Jackie Gonneau,,8,2007,1.0,6.975
Scott Menville,,7,2005,1.0,6.8999999999999995
Lynwood Robinson,,8,2007,1.0,7.125
Robin Atkin Downes,blue,6,2006,0.8333333333333334,6.766666666666667
Matthew Wood,blue,13,1999,0.7692307692307693,7.092307692307693
Matt Sloan,blue,6,2002,0.6666666666666666,7.05
A.J. LoCascio,,4,2014,1.0,6.875000000000001
Megan Hilty,,4,2012,0.75,6.875
Angela Bartys,,4,2009,1.0,6.825
Anjelica Huston,,8,1998,1.0,6.975
Jane Horrocks,,5,2006,1.0,6.6
Thomas Lennon,blue,5,2009,0.6,7.0200000000000005
Wayne Allwine,,11,1983,1.0,7.045454545454546
Tony Anselmo,,18,1986,0.5555555555555556,7.538888888888888
Bill Farmer,,41,1990,0.6585365853658537,7.224390243902438
Russi Taylor,,20,1984,0.75,6.8649999999999975
Phil Proctor,,23,1991,1.0,7.273913043478262
Catherine O'Hara,,8,1990,1.0,6.825
Jodi Benson,,18,1989,0.8888888888888888,6.844444444444445
Kath Soucie,blue,27,1991,0.7777777777777778,6.644444444444445
Brad Garrett,,20,1996,0.9,6.505
Cree Summer,,9,1985,0.5555555555555556,6.522222222222223
Paige O'Hara,,6,1991,1.0,6.833333333333333
Rodger Bumpass,,15,1996,1.0,7.153333333333333
Andrew McDonough,,3,1999,1.0,6.633333333333333
Maurice LaMarche,,10,1992,0.9,6.959999999999999
Bill Fagerbakke,,6,1994,0.8333333333333334,6.533333333333334
Susanne Blakeslee,,4,2002,1.0,6.550000000000001
Jennifer Hale,blue,12,1994,0.6666666666666666,7.091666666666666
Carlos Alazraqui,,17,1997,0.8235294117647058,7.047058823529412
Jeannie Elias,,3,1996,0.6666666666666666,5.766666666666667
John Ratzenberger,,36,1980,1.0,7.166666666666667
Jack Angel,,26,1988,1.0,7.296153846153848
Greg Berg,,3,1984,0.6666666666666666,7.166666666666667
Sherry Lynn,,29,1989,0.9655172413793104,7.251724137931034
Mickie McGowan,,37,1988,1.0,7.024324324324324
Jeff Pidgeon,,13,1995,1.0,7.492307692307691
Patrick Pinney,,14,1991,1.0,7.500000000000001
Jan Rabson,,23,1995,1.0,7.052173913043478
Joe Ranft,,11,1993,1.0,7.49090909090909
Andrew Stanton,,10,1995,1.0,7.5
John Lasseter,,7,1995,1.0,7.271428571428571
Jennifer Darling,,13,1989,1.0,7.2846153846153845
Patrick Warburton,,9,2000,0.8888888888888888,6.2666666666666675
Danny Mann,,26,1994,1.0,6.746153846153847
Josh Keaton,red,4,1997,1.0,6.449999999999999
Pat Fraley,,9,1990,0.7777777777777778,7.066666666666666
Mary Kay Bergman,,8,1991,0.875,7.3375
Paul Eiding,,16,1997,1.0,6.956249999999999
Edie McClurg,,12,1989,0.9166666666666666,6.816666666666667
Wayne Knight,,5,1997,1.0,6.74
Estelle Harris,,10,1999,1.0,6.94
Raymond S. Persi,,6,2011,1.0,7.516666666666667
Phil Johnston,,3,2011,1.0,7.3999999999999995
Katie Lowes,,6,2011,1.0,7.266666666666667
Rich Moore,,3,2011,1.0,7.3999999999999995
Josie Trinidad,,4,2011,1.0,7.475
Ed O'Neill,,4,2010,0.75,7.425
Dana Snyder,,4,2016,0.25,7.550000000000001
Danny Jacobs,,5,2015,0.2,7.660000000000001
John McLeish,,7,1940,1.0,6.7857142857142865
George Johnson,,4,1942,1.0,6.6499999999999995
Tim Allen,,19,1994,0.9473684210526315,6.85263157894737
Eric Lloyd,,5,1994,1.0,5.88
Judge Reinhold,,4,1994,1.0,6.25
Wendy Crewson,,4,1994,1.0,6.175000000000001
Spencer Breslin,,8,2000,1.0,5.862500000000001
Peter Boyle,,5,1994,1.0,5.9
Lee Unkrich,,9,1998,1.0,7.699999999999998
Tom Hanks,,15,1984,1.0,7.253333333333332
Angus MacLane,,10,2007,1.0,6.93
Joan Cusack,,13,1999,1.0,6.96923076923077
Laurie Metcalf,,7,1995,1.0,7.571428571428571
R. Lee Ermey,,7,1995,1.0,7.085714285714286
Wallace Shawn,,21,1987,1.0,6.9333333333333345
Dave Foley,,10,1998,1.0,6.95
Bob Peterson,,28,1997,0.9642857142857143,6.785714285714286
Teddy Newton,,12,1992,1.0,7.333333333333333
Don Rickles,,9,1995,1.0,7.366666666666668
Blake Clark,,4,2008,1.0,7.125
Michael Keaton,red,3,2006,1.0,7.233333333333333
Timothy Dalton,,8,2010,1.0,7.2250000000000005
Jeff Garlin,blue,8,2008,1.0,7.15
Kristen Schaal,,10,2010,0.8,7.239999999999999
Bonnie Hunt,,15,1998,1.0,6.846666666666666
Emily Hahn,,7,2010,1.0,7.200000000000001
Lori Alan,,19,1994,0.9473684210526315,6.878947368421052
John Cygan,,17,2002,1.0,6.9
Steve Purcell,,12,2006,1.0,6.491666666666667
Jim Ward,,14,2002,0.8571428571428571,7.292857142857144
Annie Potts,,4,1995,1.0,7.625
John Morris,,5,1993,1.0,7.76
Skyler Gisondo,,5,2008,1.0,6.039999999999999
Gig Morton,,3,2008,1.0,5.933333333333333
Lauren Maltby,,5,1998,1.0,5.74
Kirsten Storms,,5,1999,1.0,6.06
Holly Fulger,,3,1999,1.0,5.833333333333333
Stuart Pankin,,7,1991,0.8571428571428571,6.014285714285714
Trevor Tordjman,,5,2018,0.8,6.425
Chandler Kinney,,4,2020,0.75,6.1000000000000005
Milo Manheim,,5,2018,0.8,5.733333333333333
Kylee Russell,,6,2007,0.8333333333333334,5.8500000000000005
Mandy Moore,,10,2001,0.6,7.2
Zachary Levi,red,7,2010,0.7142857142857143,7.242857142857142
Julie Bowen,,4,2014,0.5,7.0
Eden Espinosa,,3,2017,0.3333333333333333,7.266666666666667
Erik von Detten,,6,1995,0.8333333333333334,7.166666666666667
Greg Lewis,,3,2001,1.0,6.400000000000001
Larry Miller,,4,1999,1.0,6.675000000000001
Stacy Keach,,4,2007,1.0,6.425000000000001
Ed Catmull,,2,2007,1.0,7.449999999999999
Ryan O'Donohue,,6,1995,1.0,7.066666666666666
Anthony Burch,,3,1995,1.0,7.533333333333334
Jonathan Harris,,3,1998,1.0,7.3999999999999995
Pete Docter,,12,2001,1.0,7.466666666666668
Brad Bird,,6,2004,1.0,7.5
Ollie Johnston,,4,1995,1.0,7.5249999999999995
Frank Thomas,,4,1995,1.0,7.5249999999999995
Billy Crystal,,8,1987,0.875,7.237500000000001
John Goodman,,13,2000,0.8461538461538461,6.984615384615386
Owen Wilson,,13,2004,0.9230769230769231,6.723076923076922
Larry the Cable Guy,,20,2006,1.0,6.245
Paul Newman,,5,2006,1.0,6.9
Cheech Marin,,15,1988,1.0,6.833333333333332
Guido Quaroni,,11,2001,1.0,6.500000000000001
Lou Romano,,4,2004,1.0,7.275
Susan Blu,,5,1996,1.0,7.1
Teresa Ganzel,,7,2001,1.0,7.628571428571428
Craig Good,,2,1995,1.0,7.45
A.J. Riebli III,,3,2004,1.0,7.033333333333334
Stephen Schaffer,,2,2004,1.0,7.300000000000001
Bob Scott,,13,2001,1.0,6.592307692307691
Katherine Ringgold,,4,2001,1.0,7.575
George Lucas,blue,6,2004,1.0,7.266666666666667
Anthony Daniels,blue,17,1978,0.8823529411764706,7.129411764705884
Kenny Baker,blue,10,1934,1.0,7.260000000000001
James Earl Jones,blue,13,1978,1.0,7.46923076923077
Michael Eisner,,3,2007,1.0,7.966666666666666
Mary Gibbs,,3,2001,1.0,7.766666666666667
Paula Pell,,3,2015,1.0,7.666666666666667
Josh Cooley,,9,2009,1.0,6.9
Bret 'Brook' Parker,,10,2001,1.0,6.9399999999999995
Alexander Gould,,4,2003,1.0,7.2250000000000005
Albert Brooks,,4,2003,1.0,7.3500000000000005
Ellen DeGeneres,,3,2003,1.0,7.466666666666666
Anthony Gonzalez,,3,2017,1.0,7.8999999999999995
Benjamin Bratt,red,4,2016,1.0,7.7749999999999995
Alanna Ubach,,5,1993,0.8,7.459999999999999
Jaime Camil,,6,2016,0.5,7.883333333333333
Polo Rojas,,4,2017,1.0,8.2
Montse Hernandez,,5,2013,1.0,7.959999999999999
Craig T. Nelson,,4,2004,1.0,7.475
Eli Fucile,,5,2004,1.0,7.38
Nicholas Bird,,4,2003,1.0,7.525
Angela Lansbury,,9,1971,1.0,7.066666666666666
Alan Menken,,4,2009,1.0,7.3500000000000005
Alvy Ray Smith,,2,2007,1.0,7.449999999999999
Eben Ostby,,2,2007,1.0,7.6
Joe Lanzisero,,2,2007,1.0,7.449999999999999
Darrell Van Citters,,2,2007,1.0,7.449999999999999
Brett Thompson,,2,2007,1.0,7.449999999999999
Leslie Margolin,,2,2007,1.0,7.449999999999999
Mike Cedeno,,2,2007,1.0,7.449999999999999
Paul Nowak,,2,2007,1.0,7.449999999999999
Nancy Beiman,,2,2007,1.0,7.449999999999999
Jerry Rees,,2,2007,1.0,7.449999999999999
Bruce Morris,,2,2007,1.0,7.449999999999999
Elmer Plummer,,2,2007,1.0,7.449999999999999
Doug Lefler,,2,2007,1.0,7.449999999999999
Ron Miller,,2,2007,1.0,7.449999999999999
Robin Williams,,9,1992,1.0,6.7333333333333325
Barry Diller,,2,2007,1.0,7.449999999999999
Marc Davis,,2,2007,1.0,7.449999999999999
Les Clark,,2,2007,1.0,7.449999999999999
Eric Larson,,2,2007,1.0,7.449999999999999
John Lounsbery,,2,2007,1.0,7.449999999999999
Wolfgang Reitherman,,2,2007,1.0,7.449999999999999
Madeline Kahn,,3,1979,1.0,7.266666666666667
Tim Burton,,4,1979,1.0,7.275
Walter Cronkite,,4,2004,1.0,7.249999999999999
Elissa Knight,,17,2006,1.0,6.558823529411764
Torbin Xan Bullock,,4,2006,1.0,6.6000000000000005
Eartha Kitt,,5,1998,0.8,6.779999999999999
Wendie Malick,,5,2000,0.8,7.160000000000001
Patti Deutsch,,3,2000,1.0,7.233333333333334
Jennifer Tilly,,4,2001,1.0,6.75
Jason Lee,,7,2004,1.0,6.5
Justin Long,,5,2007,0.8,6.419999999999999
Matthew Gray Gubler,,3,2007,1.0,5.833333333333333
Janice Karman,,3,2007,1.0,5.833333333333333
Dessie Flynn,,9,1947,1.0,6.9
Liam Neeson,blue,6,1999,1.0,6.583333333333333
Ewan McGregor,blue,9,1999,0.8888888888888888,6.655555555555555
Ian McDiarmid,blue,5,1983,1.0,6.9399999999999995
Oliver Ford Davies,blue,4,1999,1.0,6.925000000000001
Ahmed Best,blue,3,1999,1.0,6.8
Frank Oz,blue,17,1976,0.9411764705882353,7.276470588235295
Warwick Davis,blue,13,1983,1.0,6.846153846153846
Silas Carson,blue,3,1999,1.0,6.8
Jerome St. John Blake,blue,3,1999,1.0,6.8
Amanda Lucas,blue,3,1999,1.0,6.8
Katie Lucas,blue,3,1999,1.0,6.8
Don Bies,blue,3,1983,1.0,6.966666666666666
Ben Burtt,blue,6,1983,1.0,7.466666666666668
Mike Savva,blue,3,1999,1.0,6.8
Christian Simpson,blue,3,1999,1.0,7.133333333333333
Hayden Christensen,blue,3,2002,1.0,6.766666666666667
Jimmy Smits,blue,3,2002,1.0,7.133333333333333
Joonas Suotamo,blue,4,2015,1.0,6.799999999999999
Kiran Shah,blue,7,1983,1.0,7.1000000000000005
Dave Chapman,blue,5,1996,1.0,6.76
Andrew Jack,blue,3,2015,1.0,6.933333333333333
Samuel Witwer,blue,4,2015,1.0,7.075
Samantha Alleyne,blue,4,2015,1.0,7.074999999999999
Philip Harvey,blue,3,2005,1.0,7.166666666666667
Brian Herring,blue,5,1996,1.0,6.76
Tobias James-Samuels,blue,3,2015,1.0,6.933333333333333
Jorge Leon Martinez,blue,3,2015,1.0,7.133333333333333
Stephanie Silva,blue,3,2015,1.0,6.933333333333333
Clem So,blue,5,2015,1.0,7.119999999999999
Kelly Marie Tran,blue,4,2017,1.0,7.0
Billy Dee Williams,blue,6,1980,1.0,7.283333333333334
James Arnold Taylor,blue,8,2003,0.625,7.2250000000000005
Mark Hamill,blue,10,1978,0.8,7.45
Harrison Ford,blue,6,1978,1.0,7.75
Carrie Fisher,blue,7,1978,1.0,7.628571428571428
Peter Mayhew,blue,6,1980,1.0,7.6000000000000005
Alec Guinness,blue,4,1980,1.0,7.5
Denis Lawson,blue,3,1980,1.0,7.566666666666667
Tim Rose,blue,5,1983,1.0,7.2
Jeremy Bulloch,blue,4,1980,1.0,7.675000000000001
Mike Quinn,blue,10,1981,0.9,6.82
Bill Kipsang Rotich,blue,3,1983,1.0,7.2
Michael Giacchino,blue,7,2007,1.0,7.485714285714285
Adam Driver,blue,3,2015,1.0,6.866666666666667
Daisy Ridley,blue,3,2015,1.0,6.866666666666667
John Boyega,blue,4,2015,1.0,6.799999999999999
Oscar Isaac,blue,7,2010,1.0,6.742857142857142
Lupita Nyong'o,blue,7,2015,0.8571428571428571,6.914285714285714
Andy Serkis,blue,5,2015,1.0,7.06
Domhnall Gleeson,blue,3,2015,1.0,6.866666666666667
Billie Lourd,blue,3,2015,1.0,6.866666666666667
Jimmy Vee,blue,3,2015,1.0,7.233333333333333
Michael Donovan,blue,4,1999,0.5,7.199999999999999
David Acord,blue,4,2005,1.0,7.275
David M. Santana,blue,3,2015,1.0,7.233333333333333
Bern Collaço,blue,7,2011,1.0,7.014285714285714
Nick Donald,blue,4,2014,1.0,7.199999999999999
Paul Kasey,blue,4,2015,1.0,7.025
Sandeep Mohan,blue,3,2015,1.0,7.233333333333333
Jack Purvis,blue,3,1980,1.0,7.766666666666667
Phil Tippett,blue,2,1983,1.0,7.800000000000001
Joe Johnston,blue,4,1980,1.0,7.5249999999999995
Courtland Mead,,6,1995,0.8333333333333334,6.516666666666666
Francesca Marie Smith,,3,1998,1.0,6.6000000000000005
Bud Luckey,,6,2003,1.0,7.216666666666666
Peter Sohn,,13,2004,1.0,6.846153846153846
Sarah Chalke,,4,2009,1.0,6.699999999999999
Derek Richardson,,3,2009,1.0,6.8
William Morgan Sheppard,,5,1998,1.0,6.42
Julia Louis-Dreyfus,red,5,1998,1.0,7.139999999999999
Keith Ferguson,,19,2006,0.8947368421052632,6.4526315789473685
Bill Hader,blue,10,2009,1.0,7.07
Gregg Berger,,6,1999,1.0,7.116666666666667
Patrick Seitz,,3,2013,1.0,7.366666666666667
Alec Medlock,,3,2003,1.0,7.333333333333333
Gabriel Iglesias,,6,2013,1.0,7.25
Tony Hale,,14,2015,0.9285714285714286,6.542857142857143
Tony Shalhoub,,6,2006,1.0,6.483333333333333
Michael Wallis,,8,2006,1.0,6.4125000000000005
Paul Dooley,,8,2006,1.0,6.4
Jenifer Lewis,,7,1992,1.0,6.628571428571428
Katherine Helmond,,6,2006,1.0,6.383333333333333
Darrell Waltrip,,3,2006,1.0,6.566666666666666
Colleen O'Shaughnessey,,4,2006,0.75,7.500000000000001
Colette Whitaker,,4,2006,1.0,7.45
Tony Fucile,,4,2007,1.0,7.8500000000000005
Brent Musburger,,3,2011,1.0,6.033333333333334
Brad Lewis,,3,2004,1.0,7.166666666666667
Donald Fullilove,,5,1998,1.0,7.62
Lori Richardson,,5,2004,1.0,7.720000000000001
Jerome Ranft,,6,2009,1.0,7.033333333333332
Ed Asner,,7,1986,0.5714285714285714,7.257142857142857
Lindsey Collins,,12,2006,1.0,6.333333333333333
George Carlin,,5,2005,1.0,6.319999999999999
Daniel Gerson,,4,2001,1.0,7.175
Stephen Root,,6,2002,1.0,6.533333333333332
Geoffrey Rush,,7,2003,1.0,7.257142857142857
Johnny Depp,,8,2003,1.0,6.800000000000001
Orlando Bloom,,5,2003,1.0,6.94
Keira Knightley,blue,7,1999,1.0,6.828571428571428
Jack Davenport,,3,2003,1.0,7.433333333333334
Kevin McNally,,5,2003,1.0,7.08
Jonathan Pryce,,4,2003,1.0,7.1000000000000005
Lee Arenberg,,3,2003,1.0,7.433333333333334
Mackenzie Crook,,5,2003,1.0,7.18
Greg Ellis,,4,2003,1.0,6.75
David Bailie,,3,2003,1.0,7.433333333333334
Martin Klebba,,4,2003,1.0,7.225
Lauren Maher,,3,2003,1.0,7.433333333333334
Vanessa Branch,,3,2003,1.0,7.433333333333334
Angus Barnett,,3,2003,1.0,7.2
Giles New,,3,2003,1.0,7.2
Christopher S. Capp,,3,2003,1.0,7.433333333333334
Lloyd Sherr,,5,2011,1.0,6.4
Steve Coogan,,4,2004,1.0,6.200000000000001
Sonoko Konishi,,4,2006,1.0,6.575
Kevin Deters,,6,2009,1.0,6.8999999999999995
Stevie Wermers,,3,2009,1.0,6.7
Phil LaMarr,red,8,2005,0.875,6.925
Vicki Lewis,,5,2000,1.0,6.9
Flea,,3,2015,1.0,7.566666666666666
Dawnn Lewis,,6,2001,1.0,6.95
Mindy Kaling,,6,2009,0.8333333333333334,6.800000000000001
Kevin Corcoran,,4,1955,0.75,6.699999999999999
Tommy Kirk,,4,1955,0.75,6.550000000000001
Dave Filoni,blue,4,2014,0.5,7.475
Vanessa Marshall,blue,5,2010,0.2,7.76
Florence Gill,,3,1934,1.0,6.3
Bill Thompson,,6,1952,1.0,6.800000000000001
Patrick Stewart,red,9,2000,1.0,6.5
Ian McKellen,,4,2000,1.0,6.975
Halle Berry,,4,2000,1.0,6.975
Anna Paquin,,5,2000,1.0,6.919999999999999
Daniel Cudmore,,4,2003,1.0,6.725
Famke Janssen,,4,2000,1.0,6.975
James Marsden,,5,2000,1.0,6.9399999999999995
Rebecca Romijn,,4,2000,1.0,6.925000000000001
Dorothy Compton,,3,1933,1.0,6.633333333333333
Mary Moder,,4,1932,1.0,6.475
Ruth Clifford,,3,1947,1.0,6.933333333333334
Holly Dorff,,4,2009,1.0,6.575
Jason Fricchione,,5,2006,1.0,6.7
Andrew Lawrence,,6,1997,0.8333333333333334,6.800000000000001
Rickey D'Shon Collins,,4,1997,0.75,6.675
Ashley Johnson,,5,1997,0.8,6.88
Jason Davis,,5,1997,0.8,6.739999999999999
Dabney Coleman,,4,1999,1.0,5.824999999999999
Lane Toran,,4,1997,0.75,6.4750000000000005
Rachel Crane,,3,2001,1.0,6.3
Klee Bragger,,4,1995,1.0,6.45
Allyce Beasley,,3,2001,1.0,6.3
Jason Marsden,,7,1993,1.0,6.957142857142857
Nancy Cartwright,,15,1988,0.6666666666666666,6.9733333333333345
Michael Bell,,4,1996,1.0,7.15
Julianne Buescher,,4,1998,0.75,6.5
Robert Clotworthy,red,5,1997,1.0,7.6800000000000015
Charles Fleischer,,6,1986,1.0,7.1000000000000005
Kathleen Turner,,4,1988,1.0,7.1000000000000005
Lou Hirsch,,3,1988,1.0,7.033333333333334
Richard Williams,,4,1988,1.0,7.25
Tony Jay,,8,1990,0.75,6.9
Dan Castellaneta,,9,1989,0.8888888888888888,6.533333333333333
Chris Diamantopoulos,,5,2013,0.6,7.44
Bret Iwan,,5,2006,0.2,7.4
Kaitlyn Robrock,,4,2019,0.5,7.95
Nika Futterman,blue,5,2006,0.2,5.3
Yeardley Smith,,5,1989,0.8,7.0200000000000005
Hank Azaria,,5,1989,0.8,7.06
Pat Finn,,3,2009,1.0,6.066666666666666
Elizabeth Daily,,5,1995,0.8,6.8
John Fiedler,,14,1976,0.8571428571428571,6.864285714285715
Peter Cullen,,11,1988,0.7272727272727273,6.918181818181818
Nikita Hopkins,,5,2000,0.8,6.8
Andre Stojka,,7,1997,0.8571428571428571,6.814285714285715
Ken Sansom,,10,1974,0.7,6.82
Philip L. Clarke,,5,1989,1.0,7.5
Frances de la Tour,,3,2010,1.0,6.333333333333333
Omid Djalili,,3,2007,1.0,6.466666666666666
Tom Hollander,,3,2006,1.0,6.933333333333334
Jayden Fowora-Knight,,2,2018,1.0,6.1
Meera Syal,red,5,2016,1.0,6.58
Colombe Jacobsen-Derstine,,3,1993,1.0,6.1000000000000005
Matt Doherty,,5,1990,1.0,6.44
Scott Adsit,,4,2014,0.25,8.05
Ryan Potter,,4,2014,0.25,8.05
Jamie Chung,,4,2009,0.5,7.625
Génesis Rodríguez,,3,2014,0.3333333333333333,7.966666666666666
Maya Rudolph,,5,2014,0.6,7.779999999999999
David Shaughnessy,,3,2014,0.3333333333333333,7.966666666666666
Josh Gad,,11,2013,0.7272727272727273,6.872727272727272
Kristen Bell,,11,2010,0.8181818181818182,6.963636363636363
Jonathan Groff,,8,2013,0.875,7.0874999999999995
Santino Fontana,,3,2013,1.0,7.133333333333333
Chris Williams,,5,2008,1.0,6.779999999999999
Livvy Stubenrauch,,3,2013,1.0,7.166666666666667
Eva Bella,,5,2013,1.0,7.08
Pepper Sweeney,,4,2008,1.0,6.875
John Lavelle,,4,2013,1.0,7.3
Jeremy Milton,,3,2016,1.0,7.1000000000000005
Jenica Bergere,,3,2013,1.0,6.966666666666666
Maddix Robinson,,3,2017,1.0,6.966666666666666
Ray Romano,,5,2006,1.0,6.460000000000001
John Leguizamo,,6,2006,1.0,6.400000000000001
Denis Leary,,8,1993,1.0,6.487500000000001
Queen Latifah,,7,2002,1.0,6.285714285714286
Seann William Scott,,5,2006,1.0,6.460000000000001
Josh Peck,,7,2001,0.8571428571428571,6.500000000000001
Chris Wedge,,5,2006,1.0,6.460000000000001
Carlos Saldanha,,4,2006,1.0,6.85
Manoela Scarpa Saldanha,,3,2006,1.0,6.7
Sofia Scarpa Saldanha,,3,2006,1.0,6.7
Cindy Slattery,,4,2006,1.0,6.85
Tim Nordquist,,3,2009,1.0,6.8999999999999995
Clea Lewis,,4,1997,0.75,6.65
Beatrice Miller,,4,2009,1.0,6.9
Tim Mertens,,4,2008,1.0,7.2749999999999995
Kurt Russell,red,8,1969,0.875,6.775
Richard Bakalyan,,5,1969,1.0,6.139999999999999
Alan Young,,6,1978,1.0,6.8999999999999995
Kelsey Grammer,,6,1997,1.0,7.033333333333334
Daniel Ross,,2,2017,0.0,6.6
Michael Gough,,6,1988,0.5,6.8500000000000005
Scott Weinger,,3,1992,1.0,6.666666666666667
Linda Larkin,,4,1992,1.0,6.8
Gilbert Gottfried,,4,1992,1.0,6.625
Nathan Lane,,9,1993,0.8888888888888888,6.900000000000001
Ernie Sabella,,6,1994,0.8333333333333334,7.399999999999999
Matthew Broderick,,5,1994,1.0,6.719999999999999
Robert Guillaume,,5,1994,0.8,7.279999999999999
Moira Kelly,,3,1994,1.0,7.3
Cam Clarke,,7,1997,0.7142857142857143,7.3571428571428585
Paddi Edwards,,6,1989,1.0,6.6499999999999995
Jason Alexander,,5,1994,1.0,6.2
Liz Callaway,,5,1991,1.0,6.94
Jerry Orbach,,6,1991,1.0,6.766666666666667
Haley Joel Osment,,4,1997,1.0,5.575000000000001
Samuel E. Wright,,6,1989,0.8333333333333334,6.816666666666666
Pat Carroll,,6,1989,1.0,6.966666666666666
Buddy Hackett,,4,1968,1.0,6.800000000000001
Kenneth Mars,,6,1979,0.8333333333333334,6.75
Robert Pralgo,red,3,2018,1.0,8.0
Florence Stanley,,3,1995,1.0,6.666666666666667
June Foray,,11,1950,0.9090909090909091,7.009090909090909
Christopher Lloyd,,6,1988,1.0,6.533333333333332
Ava Acres,,3,2011,1.0,7.2
Steve Buscemi,,4,2001,1.0,6.550000000000001
Skandar Keynes,,3,2005,1.0,6.7
Georgie Henley,,3,2005,1.0,6.7
William Moseley,,4,2005,1.0,6.45
Anna Popplewell,,3,2005,1.0,6.7
Tilda Swinton,red,6,2005,1.0,7.283333333333332
Shane Rangi,,3,2005,1.0,6.7
Douglas Gresham,,3,2005,1.0,6.7
James McAvoy,,7,2005,1.0,6.6428571428571415
Michael Fassbender,,4,2011,1.0,6.825
Jennifer Lawrence,,4,2011,1.0,6.825
Nicholas Hoult,,4,2011,1.0,6.825
Evan Peters,,3,2014,1.0,6.666666666666667
Lucas Till,,4,2009,1.0,6.975
Dick Van Patten,,4,1972,1.0,6.074999999999999
Michael McGreevey,,5,1962,1.0,6.1
Will Ryan,,6,1983,0.8333333333333334,7.266666666666667
Jim Henson,,4,1976,0.75,7.125
Dave Goelz,,14,1961,0.7142857142857143,6.907692307692306
Jerry Nelson,,6,1976,0.8333333333333334,7.066666666666666
Richard Hunt,,3,1976,0.6666666666666666,7.3999999999999995
Caroll Spinney,,4,1979,1.0,6.775
Steve Whitmire,,10,1976,0.7,6.911111111111111
Louise Gold,,4,1976,0.75,7.075
Kathryn Mullen,,3,1976,0.6666666666666666,7.900000000000001
Karen Prell,,3,1976,0.6666666666666666,7.333333333333333
Brian Henson,,4,1979,1.0,6.75
Eric Jacobson,,7,2008,0.5714285714285714,6.45
David Rudman,,6,1992,0.8333333333333334,6.483333333333333
Bill Barretta,,7,1996,0.7142857142857143,6.366666666666667
Peter Linz,,6,2008,0.6666666666666666,6.45
Matt Vogel,,6,2008,0.8333333333333334,6.366666666666667
Nigel Plaskitt,,3,1992,1.0,6.733333333333333
David Alan Barclay,blue,3,1983,1.0,7.266666666666667
Jan Pol,,3,2011,0.3333333333333333,7.933333333333334
Ari Rubin,,3,2011,0.3333333333333333,7.933333333333334
Tim Conway,,7,1975,1.0,6.142857142857143
Ty Panitz,,4,2009,1.0,6.1
Lea Salonga,,3,1992,1.0,7.333333333333333
Whoopi Goldberg,,11,1992,1.0,7.0636363636363635
Jo Anne Worley,,5,1976,1.0,6.9
Robby Benson,,3,1991,1.0,6.7
Val Bettin,,3,1986,1.0,6.5
Kimmy Robertson,,4,1989,0.75,6.75
Christopher Daniel Barnes,,5,1989,0.8,7.040000000000001
Nathan Greno,,5,2007,1.0,7.0
Dara McGarry,,5,2005,1.0,6.5200000000000005
Joe Whyte,,5,2000,1.0,6.639999999999999
Ruth Zalduondo,,4,2014,1.0,7.499999999999999
Vicki Davis,,4,1998,1.0,7.5249999999999995
Richard Miro,,3,2014,1.0,7.966666666666666
Jonathan Nichols,,5,2008,1.0,7.659999999999999
Arthur Ortiz,red,4,2014,1.0,7.8
Al Rodrigo,,3,2014,1.0,7.966666666666666
Yvette Nicole Brown,red,7,2016,0.2857142857142857,7.183333333333334
Justina Machado,,3,2016,0.3333333333333333,6.733333333333333
Christian Lanz,,4,2016,0.5,7.5
Sofia Wylie,,6,2017,0.6666666666666666,7.750000000000001
Olivia Rodrigo,,4,2016,0.5,7.85
Joshua Bassett,,3,2019,0.6666666666666666,8.033333333333333
Matt Cornett,,3,2019,0.6666666666666666,8.033333333333333
Julia Lester,,4,2019,0.75,7.324999999999999
Dara Reneé,,5,2019,0.6,7.459999999999999
Larry Saperstein,,3,2019,0.6666666666666666,8.033333333333333
Kate Reinders,,4,1995,0.75,7.75
Frankie A. Rodriguez,,4,2019,0.75,7.324999999999999
Jackson Stein,,2,2016,1.0,7.5
Ciarán Hinds,,4,2009,1.0,6.6499999999999995
Maia Wilson,,2,2013,1.0,7.3
Stephen Apostolina,,2,2013,1.0,7.3
Wendy Cutler,,4,2002,1.0,6.675
Alfred Molina,red,7,1994,1.0,6.7857142857142865
Isabella Acres,,3,2011,1.0,7.2
Tucker Gilmore,,3,2011,1.0,7.533333333333334
Kelly Hoover,,3,2005,1.0,6.833333333333333
Daveed Diggs,,6,2016,1.0,7.7
Lin-Manuel Miranda,blue,7,2012,1.0,7.214285714285714
Renée Elise Goldsberry,,3,2020,1.0,7.666666666666667
Leslie Odom Jr.,,5,2012,1.0,7.5
Phillipa Soo,,4,2020,1.0,7.625
Christopher Jackson,,4,2016,1.0,7.6499999999999995
Anthony Ramos,,3,2020,1.0,7.666666666666667
Jasmine Cephas Jones,,3,2020,1.0,7.666666666666667
Joe Flynn,,6,1968,1.0,6.1499999999999995
Jeffrey Sayre,,4,1968,1.0,6.05
Bing Russell,,4,1968,1.0,6.225
Ben Schwartz,blue,5,2012,0.4,7.32
Danny Pudi,red,4,2014,0.5,7.475
Kate Micucci,,4,2014,0.5,7.1000000000000005
Joss Ackland,,3,1992,1.0,5.8
Dean Jones,,9,1965,1.0,6.122222222222223
Gil Lamb,,3,1966,1.0,6.633333333333333
Suzanne Pleshette,,5,1966,1.0,6.5
Daniel Frishman,blue,3,1983,1.0,6.3999999999999995
Tony Cox,blue,5,1983,1.0,6.68
Pam Grizz,blue,3,1983,1.0,6.3999999999999995
Mark Dodson,blue,3,1983,1.0,6.833333333333333
Debbie Lee Carrington,blue,4,1983,1.0,6.324999999999999
Kevin Thompson,blue,3,1983,1.0,6.3999999999999995
Stephen McFeely,red,3,2014,1.0,7.666666666666667
Linda Cardellini,red,4,2012,0.75,7.8
Robert Redford,red,5,2004,1.0,7.2
Ben Sakamoto,red,3,2015,1.0,7.566666666666666
Kunewa Mook,,3,2002,1.0,6.866666666666667
Eugene Byrd,blue,3,2016,0.3333333333333333,7.433333333333334
Vanessa Lengies,blue,4,2016,0.25,7.45
Edward James Olmos,,3,2008,1.0,7.233333333333333
Debbie Reynolds,,5,1998,1.0,6.840000000000001
Kimberly J. Brown,,5,1998,1.0,6.56
Judith Hoag,,4,1998,1.0,6.7
Joey Zimmerman,,4,1998,1.0,6.7
Emily Roeske,,3,1998,1.0,6.766666666666667
Mark Walton,,4,2004,1.0,6.1
Miley Cyrus,red,8,2006,0.875,6.7
Billy Ray Cyrus,,3,2006,0.6666666666666666,6.6000000000000005
Dick Van Dyke,,6,1964,1.0,6.666666666666667
Karen Dotrice,,3,1964,1.0,7.166666666666667
Jonathan Adams,red,4,2010,0.5,6.95
Chris Claremont,,4,2006,1.0,6.775
Adrienne Bailon-Houghton,,4,2003,1.0,5.9
Kiely Williams,,3,2003,1.0,6.133333333333333
Sabrina Bryan,,3,2003,1.0,6.133333333333333
Paul Winchell,,5,1970,1.0,7.12
Gael García Bernal,,3,2017,0.6666666666666666,7.8999999999999995
Renée Victor,,3,2009,1.0,7.599999999999999
Alfonso Arau,,2,2017,1.0,8.2
Herbert Siguenza,,2,2017,1.0,8.2
Lombardo Boyar,,2,2017,1.0,8.2
Ana Ofelia Murguía,,2,2017,1.0,8.2
Sofía Espinosa,,2,2017,1.0,8.2
Dyana Ortelli,,2,2017,1.0,8.2
Selene Luna,,2,2017,1.0,8.2
Natalia Cordova-Buckley,,3,2015,1.0,7.933333333333333
Carla Medina,,2,2017,1.0,8.2
Luis Valdez,,2,2017,1.0,8.2
Blanca Araceli,,2,2017,1.0,8.2
Octavio Solis,,2,2017,1.0,8.2
Salvador Reyes,,2,2017,1.0,8.2
Antonio Sol,,2,2017,1.0,8.2
Liliana Barba Meinecke,,2,2017,1.0,8.2
Emmanuel Bernal,,2,2017,1.0,8.2
David Berón,,2,2017,1.0,8.2
Denise Blasor,,2,2017,1.0,8.2
Wilma Bonet,,3,2017,1.0,7.599999999999999
Alex Castillo,,2,2017,1.0,8.2
Roberto Donati,,2,2017,1.0,8.2
Efrain Figueroa,,2,2017,1.0,8.2
Deb Fink,,2,2017,1.0,8.2
Libertad García Fonzi,,2,2017,1.0,8.2
Emilio Fuentes,,3,2017,1.0,7.866666666666666
Daniella Garcia-Lorido,,2,2017,1.0,8.2
Mike Gomez,,2,2017,1.0,8.2
Lillian Groag,,2,2017,1.0,8.2
Joshua Guerrero,,2,2017,1.0,8.2
Marabina Jaimes,,2,2017,1.0,8.2
Jossara Jinaro,,2,2017,1.0,8.2
Constanza Lechuga,,2,2017,1.0,8.2
Luisa Leschin,,4,1998,1.0,7.425
Ruth Livier,red,2,2017,1.0,8.2
Maria Dominique Lopez,,2,2017,1.0,8.2
Valeria Maldonado,,2,2017,1.0,8.2
Adrian Molina,,2,2017,1.0,8.2
Daniel Edward Mora,,2,2017,1.0,8.2
Vivianne Nacif,,2,2017,1.0,8.2
Adriana Sevahn Nichols,,2,2017,1.0,8.2
Jessica Pacheco,,2,2017,1.0,8.2
Juan Pacheco,,2,2017,1.0,8.2
Jacqueline Pinol,,3,2014,1.0,8.0
James Ponce,,2,2017,1.0,8.2
J. Francisco Rodriguez,,2,2017,1.0,8.2
Eduardo Roman,,2,2017,1.0,8.2
Eddie Santiago,,2,2017,1.0,8.2
Melissa Santos,,2,2017,1.0,8.2
Luis Solís,,2,2017,1.0,8.2
Rosalba Sotelo,,2,2017,1.0,8.2
Chris Triana,,2,2017,1.0,8.2
Trujo,,2,2017,1.0,8.2
James Zavaleta,,2,2017,1.0,8.2
Bernardo Cubria,,2,2017,1.0,8.2
Gary Carlos Cervantes,,2,2017,1.0,8.2
Johnny A. Sanchez,,2,2017,1.0,8.2
Levi Nunez,,2,2017,1.0,8.2
Óscar Bonfiglio,,2,2017,1.0,8.2
Lalo Alcaraz,,2,2017,1.0,8.2
Marcela Davison Aviles,,2,2017,1.0,8.2
Carolina Ángel,,2,2017,1.0,8.2
Daniel Díaz,,2,2017,1.0,8.2
Kevin Feige,red,5,2014,1.0,6.88
Dwayne Johnson,,5,2007,1.0,6.720000000000001
Christine Lakin,,4,2007,1.0,6.074999999999999
Phill Lewis,,7,2005,0.42857142857142855,7.042857142857143
Dylan Sprouse,,4,2005,0.5,7.025
Cole Sprouse,,3,2005,0.3333333333333333,7.333333333333333
Brenda Song,,9,2000,0.6666666666666666,6.533333333333333
Aaron Lohr,,4,1992,1.0,6.425000000000001
Ariel Martin,,4,2020,0.5,7.8
Pearce Joza,,4,2016,0.5,7.85
Meg Donnelly,,3,2018,0.6666666666666666,7.6
Jean Gilpin,,6,2003,1.0,6.733333333333334
Kim Richards,,3,1975,1.0,6.033333333333334
Ike Eisenmann,,5,1975,1.0,5.779999999999999
Amy Poehler,,3,2011,1.0,6.933333333333334
Phyllis Smith,,3,2011,1.0,6.933333333333334
Kaitlyn Dias,,2,2015,1.0,7.550000000000001
Lewis Black,,2,2015,1.0,7.550000000000001
Diane Lane,,4,1996,1.0,7.2
Kyle MacLachlan,,2,2015,1.0,7.550000000000001
Jason Topolski,,4,2009,1.0,6.625
Marguerite Moreau,,5,1992,1.0,6.0600000000000005
Emilio Estevez,,4,1992,0.75,6.749999999999999
Joshua Jackson,,3,1992,1.0,6.266666666666666
Elden Henson,,3,1992,1.0,6.266666666666666
Shaun Weiss,,4,1992,1.0,6.25
Garette Ratliff Henson,,4,1992,1.0,6.25
Vincent Larusso,,3,1992,1.0,6.266666666666666
Eric Bauza,,6,2014,0.5,7.540000000000001
John Williams,blue,4,2004,1.0,7.025
Ross Bagdasarian Jr.,,3,2007,1.0,5.833333333333333
David Henrie,,3,2007,0.6666666666666666,6.699999999999999
Christy Carlson Romano,,6,2000,0.6666666666666666,6.566666666666667
Kenan Thompson,,4,1994,1.0,5.875
Miguel Ferrer,red,6,1994,1.0,6.166666666666667
Ernie Hudson,,3,1997,1.0,5.466666666666666
Emily Osment,,7,2005,0.7142857142857143,6.557142857142858
Jason Earles,,7,2004,0.7142857142857143,6.557142857142858
Moisés Arias,,3,2006,0.6666666666666666,6.366666666666667
Bob Hoskins,,5,1988,1.0,6.780000000000001
Mel Blanc,,4,1940,1.0,7.2749999999999995
Stubby Kaye,,2,1988,1.0,7.4
Toby Jones,red,5,1998,1.0,7.140000000000001
Brie Larson,red,4,2003,1.0,7.3500000000000005
Daniel Brühl,red,3,2016,0.6666666666666666,7.433333333333333
Wyatt Russell,,3,2019,0.6666666666666666,6.833333333333333
Brandon Mychal Smith,,4,2009,0.5,7.325
Sterling Knight,,3,2009,0.3333333333333333,7.466666666666666
Nico Ghisi,,3,2009,1.0,5.966666666666666
Bonnie Somerville,,3,2010,1.0,6.233333333333333
Robert Carradine,,4,2000,0.75,6.2749999999999995
Adam Lamberg,,3,2001,0.6666666666666666,6.433333333333334
Mike Vitar,,3,1993,1.0,6.566666666666666
Ty O'Neal,,2,1994,1.0,6.1
Justin Wong,,2,1994,1.0,6.1
Scott Whyte,,3,1994,1.0,6.433333333333334
Heidi Kling,,2,1992,1.0,6.3
Eliza Coyle,,2,1996,1.0,6.0
Claudia Wilkens,,2,1992,1.0,6.3
James Godfrey,,3,2016,1.0,7.366666666666667
Naomi Snieckus,,3,2016,1.0,7.366666666666667
Gretchen Koerner,,2,2015,1.0,4.4
Shauna Rappold,,2,2015,1.0,4.4
Adam Fristoe,,2,2015,1.0,4.4
Don Yesso,,3,1993,1.0,5.266666666666667
Christopher Heskey,,2,2015,1.0,4.4
Allison Holker,,5,2006,0.4,7.720000000000001
Stephen Boss,,3,2017,0.0,8.5
Paul Rae,,3,2008,1.0,6.066666666666667
Kyla Pratt,,3,2001,0.3333333333333333,7.533333333333334
Tommy Davidson,,4,2001,0.5,7.2250000000000005
Paula Jai Parker,,3,2001,0.3333333333333333,7.533333333333334
Jo Marie Payton,,3,2001,0.3333333333333333,7.533333333333334
Soleil Moon Frye,,3,2001,0.3333333333333333,7.533333333333334
Alisa Reyes,,3,2001,0.3333333333333333,7.533333333333334
Karen Malina White,,3,2001,0.3333333333333333,7.533333333333334
Jonathan Frakes,,3,1994,0.6666666666666666,6.6000000000000005
Wendy Makkena,,4,1992,1.0,6.2
Genie Francis,,3,1994,1.0,5.866666666666667
Joshua Gibran Mayweather,,2,1994,1.0,5.8
